instance_id,date,method,seed,scenario,policy,cases,completed,unstarted,delay_measured_cases,mean_start_delay_minutes,total_start_delay_minutes,room_occupancy_minutes_in_hours,room_utilization_fraction,overtime_minutes_including_turnover,changed_assignment_decisions,room_change_decisions,total_planned_start_shift_minutes,replanning_count,solver_seconds,failures,timeouts,initial_planning_seconds,replanning_solver_seconds,fitness_evaluations,search_failures,search_deadline_stops,initial_objective_gap,group
small-reference,2022-01-01,baseline,0,no_outage,static,7,6,1,6,7.5,45,295,0.8194444444444444,105,0,0,0,0,0.0002396939999016,0,0,0.0002396939999016,0.0,0,0,0,0.8003802281368821,small
small-reference,2022-01-01,baseline,0,no_outage,reactive,7,6,1,6,7.5,45,295,0.8194444444444444,105,0,0,0,0,0.0002396939999016,0,0,0.0002396939999016,0.0,0,0,0,0.8003802281368821,small
small-reference,2022-01-01,baseline,0,outage,static,7,6,1,6,9.166666666666666,55,290,0.8055555555555556,115,0,0,0,0,0.0002396939999016,0,0,0.0002396939999016,0.0,0,0,0,0.8003802281368821,small
small-reference,2022-01-01,baseline,0,outage,reactive,7,6,1,6,9.166666666666666,55,290,0.8055555555555556,115,3,0,30,2,0.000683964000018,0,0,0.0002396939999016,0.0004442700001163,0,0,0,0.8003802281368821,small
small-reference,2022-01-01,baseline,1,no_outage,static,7,6,1,6,7.5,45,295,0.8194444444444444,105,0,0,0,0,0.0001729250006974,0,0,0.0001729250006974,0.0,0,0,0,0.8003802281368821,small
small-reference,2022-01-01,baseline,1,no_outage,reactive,7,6,1,6,7.5,45,295,0.8194444444444444,105,0,0,0,0,0.0001729250006974,0,0,0.0001729250006974,0.0,0,0,0,0.8003802281368821,small
small-reference,2022-01-01,baseline,1,outage,static,7,6,1,6,9.166666666666666,55,290,0.8055555555555556,115,0,0,0,0,0.0001729250006974,0,0,0.0001729250006974,0.0,0,0,0,0.8003802281368821,small
small-reference,2022-01-01,baseline,1,outage,reactive,7,6,1,6,9.166666666666666,55,290,0.8055555555555556,115,3,0,30,2,0.0006284680002863,0,0,0.0001729250006974,0.0004555429995889,0,0,0,0.8003802281368821,small
small-reference,2022-01-01,baseline,2,no_outage,static,7,6,1,6,7.5,45,295,0.8194444444444444,105,0,0,0,0,0.0001701889996184,0,0,0.0001701889996184,0.0,0,0,0,0.8003802281368821,small
small-reference,2022-01-01,baseline,2,no_outage,reactive,7,6,1,6,7.5,45,295,0.8194444444444444,105,0,0,0,0,0.0001701889996184,0,0,0.0001701889996184,0.0,0,0,0,0.8003802281368821,small
small-reference,2022-01-01,baseline,2,outage,static,7,6,1,6,9.166666666666666,55,290,0.8055555555555556,115,0,0,0,0,0.0001701889996184,0,0,0.0001701889996184,0.0,0,0,0,0.8003802281368821,small
small-reference,2022-01-01,baseline,2,outage,reactive,7,6,1,6,9.166666666666666,55,290,0.8055555555555556,115,3,0,30,2,0.0006173250003485,0,0,0.0001701889996184,0.00044713600073,0,0,0,0.8003802281368821,small
small-reference,2022-01-01,annealing,0,no_outage,static,7,6,1,6,3.333333333333333,20,290,0.8055555555555556,115,0,0,0,0,0.5160490380003466,0,0,0.5160490380003466,0.0,1000,0,0,0.0,small
small-reference,2022-01-01,annealing,0,no_outage,reactive,7,6,1,6,3.333333333333333,20,290,0.8055555555555556,115,0,0,0,0,0.5160490380003466,0,0,0.5160490380003466,0.0,1000,0,0,0.0,small
small-reference,2022-01-01,annealing,0,outage,static,7,6,1,6,4.166666666666667,25,285,0.7916666666666666,120,0,0,0,0,0.5160490380003466,0,0,0.5160490380003466,0.0,1000,0,0,0.0,small
small-reference,2022-01-01,annealing,0,outage,reactive,7,6,1,6,4.166666666666667,25,290,0.8055555555555556,115,4,0,30,2,1.5594981059994095,0,0,0.5160490380003466,1.0434490679990631,3000,0,0,0.0,small
small-reference,2022-01-01,annealing,1,no_outage,static,7,5,2,5,4.0,20,295,0.8194444444444444,30,0,0,0,0,0.5395896390000416,0,0,0.5395896390000416,0.0,1000,0,0,0.0,small
small-reference,2022-01-01,annealing,1,no_outage,reactive,7,5,2,5,4.0,20,295,0.8194444444444444,30,0,0,0,0,0.5395896390000416,0,0,0.5395896390000416,0.0,1000,0,0,0.0,small
small-reference,2022-01-01,annealing,1,outage,static,7,5,2,5,15.0,75,255,0.7083333333333334,85,0,0,0,0,0.5395896390000416,0,0,0.5395896390000416,0.0,1000,0,0,0.0,small
small-reference,2022-01-01,annealing,1,outage,reactive,7,5,2,5,5.0,25,255,0.7083333333333334,50,4,1,90,2,1.579972190999797,0,0,0.5395896390000416,1.0403825519997554,3000,0,0,0.0,small
small-reference,2022-01-01,annealing,2,no_outage,static,7,6,1,6,3.333333333333333,20,290,0.8055555555555556,115,0,0,0,0,0.5130800870001622,0,0,0.5130800870001622,0.0,1000,0,0,0.0,small
small-reference,2022-01-01,annealing,2,no_outage,reactive,7,6,1,6,3.333333333333333,20,290,0.8055555555555556,115,0,0,0,0,0.5130800870001622,0,0,0.5130800870001622,0.0,1000,0,0,0.0,small
small-reference,2022-01-01,annealing,2,outage,static,7,6,1,6,4.166666666666667,25,285,0.7916666666666666,120,0,0,0,0,0.5130800870001622,0,0,0.5130800870001622,0.0,1000,0,0,0.0,small
small-reference,2022-01-01,annealing,2,outage,reactive,7,6,1,6,4.166666666666667,25,290,0.8055555555555556,115,4,0,30,2,1.5420955280005728,0,0,0.5130800870001622,1.0290154410004106,3000,0,0,0.0,small
small-reference,2022-01-01,tabu,0,no_outage,static,7,7,0,7,9.285714285714286,65,285,0.7916666666666666,240,0,0,0,0,0.5269821539995974,0,0,0.5269821539995974,0.0,1000,0,0,0.0,small
small-reference,2022-01-01,tabu,0,no_outage,reactive,7,7,0,7,9.285714285714286,65,285,0.7916666666666666,240,0,0,0,0,0.5269821539995974,0,0,0.5269821539995974,0.0,1000,0,0,0.0,small
small-reference,2022-01-01,tabu,0,outage,static,7,6,1,6,10.0,60,280,0.7777777777777778,110,0,0,0,0,0.5269821539995974,0,0,0.5269821539995974,0.0,1000,0,0,0.0,small
small-reference,2022-01-01,tabu,0,outage,reactive,7,5,2,5,9.0,45,275,0.7638888888888888,0,5,0,22,2,1.5820917890005148,0,0,0.5269821539995974,1.0551096350009177,3000,0,0,0.0,small
small-reference,2022-01-01,tabu,1,no_outage,static,7,6,1,6,3.333333333333333,20,290,0.8055555555555556,135,0,0,0,0,0.5137519800000518,0,0,0.5137519800000518,0.0,1000,0,0,0.0,small
small-reference,2022-01-01,tabu,1,no_outage,reactive,7,6,1,6,3.333333333333333,20,290,0.8055555555555556,135,0,0,0,0,0.5137519800000518,0,0,0.5137519800000518,0.0,1000,0,0,0.0,small
small-reference,2022-01-01,tabu,1,outage,static,7,5,2,5,15.0,75,255,0.7083333333333334,50,0,0,0,0,0.5137519800000518,0,0,0.5137519800000518,0.0,1000,0,0,0.0,small
small-reference,2022-01-01,tabu,1,outage,reactive,7,5,2,5,15.0,75,255,0.7083333333333334,50,4,0,60,2,1.579416460000175,0,0,0.5137519800000518,1.0656644800001231,3000,0,0,0.0,small
small-reference,2022-01-01,tabu,2,no_outage,static,7,5,2,5,4.0,20,295,0.8194444444444444,30,0,0,0,0,0.5232558990001053,0,0,0.5232558990001053,0.0,1000,0,0,0.0,small
small-reference,2022-01-01,tabu,2,no_outage,reactive,7,5,2,5,4.0,20,295,0.8194444444444444,30,0,0,0,0,0.5232558990001053,0,0,0.5232558990001053,0.0,1000,0,0,0.0,small
small-reference,2022-01-01,tabu,2,outage,static,7,5,2,5,15.0,75,255,0.7083333333333334,85,0,0,0,0,0.5232558990001053,0,0,0.5232558990001053,0.0,1000,0,0,0.0,small
small-reference,2022-01-01,tabu,2,outage,reactive,7,5,2,5,5.0,25,255,0.7083333333333334,50,4,1,90,2,1.5566079840000384,0,0,0.5232558990001053,1.0333520849999331,3000,0,0,0.0,small
small-reference,2022-01-01,genetic,0,no_outage,static,7,6,1,6,3.333333333333333,20,290,0.8055555555555556,115,0,0,0,0,0.5195428979995995,0,0,0.5195428979995995,0.0,1000,0,0,0.0,small
small-reference,2022-01-01,genetic,0,no_outage,reactive,7,6,1,6,3.333333333333333,20,290,0.8055555555555556,115,0,0,0,0,0.5195428979995995,0,0,0.5195428979995995,0.0,1000,0,0,0.0,small
small-reference,2022-01-01,genetic,0,outage,static,7,6,1,6,4.166666666666667,25,285,0.7916666666666666,120,0,0,0,0,0.5195428979995995,0,0,0.5195428979995995,0.0,1000,0,0,0.0,small
small-reference,2022-01-01,genetic,0,outage,reactive,7,6,1,6,4.166666666666667,25,290,0.8055555555555556,115,4,0,30,2,1.58244254300007,0,0,0.5195428979995995,1.0628996450004706,3000,0,0,0.0,small
small-reference,2022-01-01,genetic,1,no_outage,static,7,6,1,6,3.333333333333333,20,290,0.8055555555555556,115,0,0,0,0,0.5209489620001477,0,0,0.5209489620001477,0.0,1000,0,0,0.0,small
small-reference,2022-01-01,genetic,1,no_outage,reactive,7,6,1,6,3.333333333333333,20,290,0.8055555555555556,115,0,0,0,0,0.5209489620001477,0,0,0.5209489620001477,0.0,1000,0,0,0.0,small
small-reference,2022-01-01,genetic,1,outage,static,7,5,2,5,15.0,75,255,0.7083333333333334,50,0,0,0,0,0.5209489620001477,0,0,0.5209489620001477,0.0,1000,0,0,0.0,small
small-reference,2022-01-01,genetic,1,outage,reactive,7,5,2,5,15.0,75,255,0.7083333333333334,50,4,0,60,2,1.6242356130005646,0,0,0.5209489620001477,1.103286651000417,3000,0,0,0.0,small
small-reference,2022-01-01,genetic,2,no_outage,static,7,6,1,6,8.333333333333334,50,300,0.8333333333333334,105,0,0,0,0,0.5270405000001119,0,0,0.5270405000001119,0.0,1000,0,0,0.0,small
small-reference,2022-01-01,genetic,2,no_outage,reactive,7,6,1,6,8.333333333333334,50,300,0.8333333333333334,105,0,0,0,0,0.5270405000001119,0,0,0.5270405000001119,0.0,1000,0,0,0.0,small
small-reference,2022-01-01,genetic,2,outage,static,7,5,2,5,9.0,45,295,0.8194444444444444,30,0,0,0,0,0.5270405000001119,0,0,0.5270405000001119,0.0,1000,0,0,0.0,small
small-reference,2022-01-01,genetic,2,outage,reactive,7,5,2,5,5.0,25,275,0.7638888888888888,0,5,1,195,2,1.587318963999678,0,0,0.5270405000001119,1.0602784639995662,3000,0,0,0.0,small
small-reference,2022-01-01,hybrid,0,no_outage,static,7,7,0,7,9.285714285714286,65,285,0.7916666666666666,240,0,0,0,0,0.5373633239996707,0,0,0.5373633239996707,0.0,1000,0,0,0.0,small
small-reference,2022-01-01,hybrid,0,no_outage,reactive,7,7,0,7,9.285714285714286,65,285,0.7916666666666666,240,0,0,0,0,0.5373633239996707,0,0,0.5373633239996707,0.0,1000,0,0,0.0,small
small-reference,2022-01-01,hybrid,0,outage,static,7,6,1,6,10.0,60,280,0.7777777777777778,110,0,0,0,0,0.5373633239996707,0,0,0.5373633239996707,0.0,1000,0,0,0.0,small
small-reference,2022-01-01,hybrid,0,outage,reactive,7,5,2,5,9.0,45,275,0.7638888888888888,0,5,0,22,2,1.649471468998854,0,0,0.5373633239996707,1.1121081449991834,3000,0,0,0.0,small
small-reference,2022-01-01,hybrid,1,no_outage,static,7,6,1,6,3.333333333333333,20,290,0.8055555555555556,135,0,0,0,0,0.566331782000816,0,0,0.566331782000816,0.0,1000,0,0,0.0,small
small-reference,2022-01-01,hybrid,1,no_outage,reactive,7,6,1,6,3.333333333333333,20,290,0.8055555555555556,135,0,0,0,0,0.566331782000816,0,0,0.566331782000816,0.0,1000,0,0,0.0,small
small-reference,2022-01-01,hybrid,1,outage,static,7,5,2,5,15.0,75,255,0.7083333333333334,50,0,0,0,0,0.566331782000816,0,0,0.566331782000816,0.0,1000,0,0,0.0,small
small-reference,2022-01-01,hybrid,1,outage,reactive,7,5,2,5,15.0,75,255,0.7083333333333334,50,4,0,60,2,1.5778411260016585,0,0,0.566331782000816,1.0115093440008422,3000,0,0,0.0,small
small-reference,2022-01-01,hybrid,2,no_outage,static,7,5,2,5,4.0,20,295,0.8194444444444444,30,0,0,0,0,0.5089903409998442,0,0,0.5089903409998442,0.0,1000,0,0,0.0,small
small-reference,2022-01-01,hybrid,2,no_outage,reactive,7,5,2,5,4.0,20,295,0.8194444444444444,30,0,0,0,0,0.5089903409998442,0,0,0.5089903409998442,0.0,1000,0,0,0.0,small
small-reference,2022-01-01,hybrid,2,outage,static,7,5,2,5,15.0,75,255,0.7083333333333334,85,0,0,0,0,0.5089903409998442,0,0,0.5089903409998442,0.0,1000,0,0,0.0,small
small-reference,2022-01-01,hybrid,2,outage,reactive,7,5,2,5,5.0,25,255,0.7083333333333334,50,4,1,90,2,1.5467169919993466,0,0,0.5089903409998442,1.0377266509995025,3000,0,0,0.0,small
small-reference,2022-01-01,aco,0,no_outage,static,7,7,0,7,9.285714285714286,65,285,0.7916666666666666,240,0,0,0,0,0.5762416759998814,0,0,0.5762416759998814,0.0,1000,0,0,0.0,small
small-reference,2022-01-01,aco,0,no_outage,reactive,7,7,0,7,9.285714285714286,65,285,0.7916666666666666,240,0,0,0,0,0.5762416759998814,0,0,0.5762416759998814,0.0,1000,0,0,0.0,small
small-reference,2022-01-01,aco,0,outage,static,7,6,1,6,12.5,75,275,0.7638888888888888,150,0,0,0,0,0.5762416759998814,0,0,0.5762416759998814,0.0,1000,0,0,0.0,small
small-reference,2022-01-01,aco,0,outage,reactive,7,5,2,5,13.0,65,270,0.75,20,6,2,190,2,1.6708304380008483,0,0,0.5762416759998814,1.094588762000967,3000,0,0,0.0,small
small-reference,2022-01-01,aco,1,no_outage,static,7,5,2,5,4.0,20,295,0.8194444444444444,30,0,0,0,0,0.5703056350002953,0,0,0.5703056350002953,0.0,1000,0,0,0.0,small
small-reference,2022-01-01,aco,1,no_outage,reactive,7,5,2,5,4.0,20,295,0.8194444444444444,30,0,0,0,0,0.5703056350002953,0,0,0.5703056350002953,0.0,1000,0,0,0.0,small
small-reference,2022-01-01,aco,1,outage,static,7,5,2,5,5.0,25,290,0.8055555555555556,35,0,0,0,0,0.5703056350002953,0,0,0.5703056350002953,0.0,1000,0,0,0.0,small
small-reference,2022-01-01,aco,1,outage,reactive,7,6,1,6,17.5,105,290,0.8055555555555556,115,4,1,215,2,1.6631192959994223,0,0,0.5703056350002953,1.092813660999127,3000,0,0,0.0,small
small-reference,2022-01-01,aco,2,no_outage,static,7,5,2,5,4.0,20,295,0.8194444444444444,30,0,0,0,0,0.5751273320001928,0,0,0.5751273320001928,0.0,1000,0,0,0.0,small
small-reference,2022-01-01,aco,2,no_outage,reactive,7,5,2,5,4.0,20,295,0.8194444444444444,30,0,0,0,0,0.5751273320001928,0,0,0.5751273320001928,0.0,1000,0,0,0.0,small
small-reference,2022-01-01,aco,2,outage,static,7,5,2,5,5.0,25,290,0.8055555555555556,35,0,0,0,0,0.5751273320001928,0,0,0.5751273320001928,0.0,1000,0,0,0.0,small
small-reference,2022-01-01,aco,2,outage,reactive,7,6,1,6,10.0,60,295,0.8194444444444444,110,5,3,136,2,1.674605379999775,0,0,0.5751273320001928,1.0994780479995825,3000,0,0,0.0,small
2022-01-03,2022-01-03,baseline,0,no_outage,static,9,9,0,9,0.0,0,724,0.6703703703703704,64,0,0,0,0,0.00026178600001,0,0,0.00026178600001,0.0,0,0,0,,historical
2022-01-03,2022-01-03,baseline,0,no_outage,reactive,9,9,0,9,0.0,0,724,0.6703703703703704,64,0,0,0,0,0.00026178600001,0,0,0.00026178600001,0.0,0,0,0,,historical
2022-01-03,2022-01-03,baseline,0,outage,static,9,9,0,9,5.555555555555555,50,724,0.6703703703703704,64,0,0,0,0,0.00026178600001,0,0,0.00026178600001,0.0,0,0,0,,historical
2022-01-03,2022-01-03,baseline,0,outage,reactive,9,9,0,9,12.444444444444445,112,696,0.6444444444444445,92,5,5,112,2,0.0008396029998039,0,0,0.00026178600001,0.0005778169997938,0,0,0,,historical
2022-01-03,2022-01-03,baseline,1,no_outage,static,9,9,0,9,0.0,0,724,0.6703703703703704,64,0,0,0,0,0.0001965299998119,0,0,0.0001965299998119,0.0,0,0,0,,historical
2022-01-03,2022-01-03,baseline,1,no_outage,reactive,9,9,0,9,0.0,0,724,0.6703703703703704,64,0,0,0,0,0.0001965299998119,0,0,0.0001965299998119,0.0,0,0,0,,historical
2022-01-03,2022-01-03,baseline,1,outage,static,9,9,0,9,5.555555555555555,50,724,0.6703703703703704,64,0,0,0,0,0.0001965299998119,0,0,0.0001965299998119,0.0,0,0,0,,historical
2022-01-03,2022-01-03,baseline,1,outage,reactive,9,9,0,9,12.444444444444445,112,696,0.6444444444444445,92,5,5,112,2,0.0007013859994913,0,0,0.0001965299998119,0.0005048559996794,0,0,0,,historical
2022-01-03,2022-01-03,baseline,2,no_outage,static,9,9,0,9,0.0,0,724,0.6703703703703704,64,0,0,0,0,0.000198353000087,0,0,0.000198353000087,0.0,0,0,0,,historical
2022-01-03,2022-01-03,baseline,2,no_outage,reactive,9,9,0,9,0.0,0,724,0.6703703703703704,64,0,0,0,0,0.000198353000087,0,0,0.000198353000087,0.0,0,0,0,,historical
2022-01-03,2022-01-03,baseline,2,outage,static,9,9,0,9,5.555555555555555,50,724,0.6703703703703704,64,0,0,0,0,0.000198353000087,0,0,0.000198353000087,0.0,0,0,0,,historical
2022-01-03,2022-01-03,baseline,2,outage,reactive,9,9,0,9,12.444444444444445,112,696,0.6444444444444445,92,5,5,112,2,0.0007269549996635,0,0,0.000198353000087,0.0005286019995764,0,0,0,,historical
2022-01-03,2022-01-03,annealing,0,no_outage,static,9,9,0,9,0.0,0,773,0.7157407407407408,9,0,0,0,0,0.5281711239995275,0,0,0.5281711239995275,0.0,1000,0,0,,historical
2022-01-03,2022-01-03,annealing,0,no_outage,reactive,9,9,0,9,0.0,0,773,0.7157407407407408,9,0,0,0,0,0.5281711239995275,0,0,0.5281711239995275,0.0,1000,0,0,,historical
2022-01-03,2022-01-03,annealing,0,outage,static,9,9,0,9,7.111111111111111,64,773,0.7157407407407408,9,0,0,0,0,0.5281711239995275,0,0,0.5281711239995275,0.0,1000,0,0,,historical
2022-01-03,2022-01-03,annealing,0,outage,reactive,9,9,0,9,14.333333333333334,129,738,0.6833333333333333,50,5,0,135,2,1.609471861000202,0,0,0.5281711239995275,1.0813007370006744,3000,0,0,,historical
2022-01-03,2022-01-03,annealing,1,no_outage,static,9,9,0,9,0.0,0,773,0.7157407407407408,9,0,0,0,0,0.5488909870000498,0,0,0.5488909870000498,0.0,1000,0,0,,historical
2022-01-03,2022-01-03,annealing,1,no_outage,reactive,9,9,0,9,0.0,0,773,0.7157407407407408,9,0,0,0,0,0.5488909870000498,0,0,0.5488909870000498,0.0,1000,0,0,,historical
2022-01-03,2022-01-03,annealing,1,outage,static,9,9,0,9,7.111111111111111,64,773,0.7157407407407408,9,0,0,0,0,0.5488909870000498,0,0,0.5488909870000498,0.0,1000,0,0,,historical
2022-01-03,2022-01-03,annealing,1,outage,reactive,9,9,0,9,14.333333333333334,129,738,0.6833333333333333,50,5,0,135,2,1.5854346559999613,0,0,0.5488909870000498,1.0365436689999117,3000,0,0,,historical
2022-01-03,2022-01-03,annealing,2,no_outage,static,9,9,0,9,0.0,0,773,0.7157407407407408,4,0,0,0,0,0.5270397090007464,0,0,0.5270397090007464,0.0,1000,0,0,,historical
2022-01-03,2022-01-03,annealing,2,no_outage,reactive,9,9,0,9,0.0,0,773,0.7157407407407408,4,0,0,0,0,0.5270397090007464,0,0,0.5270397090007464,0.0,1000,0,0,,historical
2022-01-03,2022-01-03,annealing,2,outage,static,9,9,0,9,7.111111111111111,64,773,0.7157407407407408,4,0,0,0,0,0.5270397090007464,0,0,0.5270397090007464,0.0,1000,0,0,,historical
2022-01-03,2022-01-03,annealing,2,outage,reactive,9,9,0,9,14.333333333333334,129,754,0.6981481481481482,34,5,0,139,2,1.6028901580011734,0,0,0.5270397090007464,1.075850449000427,3000,0,0,,historical
2022-01-03,2022-01-03,tabu,0,no_outage,static,9,9,0,9,0.0,0,773,0.7157407407407408,9,0,0,0,0,0.5363917149998088,0,0,0.5363917149998088,0.0,1000,0,0,,historical
2022-01-03,2022-01-03,tabu,0,no_outage,reactive,9,9,0,9,0.0,0,773,0.7157407407407408,9,0,0,0,0,0.5363917149998088,0,0,0.5363917149998088,0.0,1000,0,0,,historical
2022-01-03,2022-01-03,tabu,0,outage,static,9,9,0,9,7.111111111111111,64,773,0.7157407407407408,9,0,0,0,0,0.5363917149998088,0,0,0.5363917149998088,0.0,1000,0,0,,historical
2022-01-03,2022-01-03,tabu,0,outage,reactive,9,9,0,9,14.333333333333334,129,738,0.6833333333333333,50,5,0,135,2,1.5663828900005683,0,0,0.5363917149998088,1.0299911750007595,3000,0,0,,historical
2022-01-03,2022-01-03,tabu,1,no_outage,static,9,9,0,9,0.0,0,769,0.712037037037037,19,0,0,0,0,0.5201898969999093,0,0,0.5201898969999093,0.0,1000,0,0,,historical
2022-01-03,2022-01-03,tabu,1,no_outage,reactive,9,9,0,9,0.0,0,769,0.712037037037037,19,0,0,0,0,0.5201898969999093,0,0,0.5201898969999093,0.0,1000,0,0,,historical
2022-01-03,2022-01-03,tabu,1,outage,static,9,9,0,9,6.444444444444445,58,769,0.712037037037037,19,0,0,0,0,0.5201898969999093,0,0,0.5201898969999093,0.0,1000,0,0,,historical
2022-01-03,2022-01-03,tabu,1,outage,reactive,9,9,0,9,14.0,126,727,0.6731481481481482,61,3,0,126,2,1.5989342849998138,0,0,0.5201898969999093,1.0787443879999046,3000,0,0,,historical
2022-01-03,2022-01-03,tabu,2,no_outage,static,9,9,0,9,0.0,0,769,0.712037037037037,19,0,0,0,0,0.5284774649999235,0,0,0.5284774649999235,0.0,1000,0,0,,historical
2022-01-03,2022-01-03,tabu,2,no_outage,reactive,9,9,0,9,0.0,0,769,0.712037037037037,19,0,0,0,0,0.5284774649999235,0,0,0.5284774649999235,0.0,1000,0,0,,historical
2022-01-03,2022-01-03,tabu,2,outage,static,9,9,0,9,6.444444444444445,58,769,0.712037037037037,19,0,0,0,0,0.5284774649999235,0,0,0.5284774649999235,0.0,1000,0,0,,historical
2022-01-03,2022-01-03,tabu,2,outage,reactive,9,9,0,9,14.0,126,727,0.6731481481481482,61,3,0,126,2,1.5564746270001706,0,0,0.5284774649999235,1.027997162000247,3000,0,0,,historical
2022-01-03,2022-01-03,genetic,0,no_outage,static,9,9,0,9,0.0,0,773,0.7157407407407408,4,0,0,0,0,0.524452784999994,0,0,0.524452784999994,0.0,1000,0,0,,historical
2022-01-03,2022-01-03,genetic,0,no_outage,reactive,9,9,0,9,0.0,0,773,0.7157407407407408,4,0,0,0,0,0.524452784999994,0,0,0.524452784999994,0.0,1000,0,0,,historical
2022-01-03,2022-01-03,genetic,0,outage,static,9,9,0,9,32.888888888888886,296,712,0.6592592592592592,80,0,0,0,0,0.524452784999994,0,0,0.524452784999994,0.0,1000,0,0,,historical
2022-01-03,2022-01-03,genetic,0,outage,reactive,9,9,0,9,38.66666666666666,348,682,0.6314814814814815,110,3,0,348,2,1.601427896000132,0,0,0.524452784999994,1.076975111000138,3000,0,0,,historical
2022-01-03,2022-01-03,genetic,1,no_outage,static,9,9,0,9,0.0,0,773,0.7157407407407408,9,0,0,0,0,0.5444474059995628,0,0,0.5444474059995628,0.0,1000,0,0,,historical
2022-01-03,2022-01-03,genetic,1,no_outage,reactive,9,9,0,9,0.0,0,773,0.7157407407407408,9,0,0,0,0,0.5444474059995628,0,0,0.5444474059995628,0.0,1000,0,0,,historical
2022-01-03,2022-01-03,genetic,1,outage,static,9,9,0,9,34.333333333333336,309,694,0.6425925925925926,94,0,0,0,0,0.5444474059995628,0,0,0.5444474059995628,0.0,1000,0,0,,historical
2022-01-03,2022-01-03,genetic,1,outage,reactive,9,9,0,9,38.66666666666666,348,663,0.6138888888888889,125,3,0,348,2,1.6320752649999122,0,0,0.5444474059995628,1.0876278590003494,3000,0,0,,historical
2022-01-03,2022-01-03,genetic,2,no_outage,static,9,9,0,9,0.0,0,773,0.7157407407407408,9,0,0,0,0,0.534619193999788,0,0,0.534619193999788,0.0,1000,0,0,,historical
2022-01-03,2022-01-03,genetic,2,no_outage,reactive,9,9,0,9,0.0,0,773,0.7157407407407408,9,0,0,0,0,0.534619193999788,0,0,0.534619193999788,0.0,1000,0,0,,historical
2022-01-03,2022-01-03,genetic,2,outage,static,9,9,0,9,7.111111111111111,64,773,0.7157407407407408,9,0,0,0,0,0.534619193999788,0,0,0.534619193999788,0.0,1000,0,0,,historical
2022-01-03,2022-01-03,genetic,2,outage,reactive,9,9,0,9,14.333333333333334,129,738,0.6833333333333333,50,5,0,135,2,1.5819550220003291,0,0,0.534619193999788,1.0473358280005414,3000,0,0,,historical
2022-01-03,2022-01-03,hybrid,0,no_outage,static,9,9,0,9,0.0,0,773,0.7157407407407408,9,0,0,0,0,0.5288954600000579,0,0,0.5288954600000579,0.0,1000,0,0,,historical
2022-01-03,2022-01-03,hybrid,0,no_outage,reactive,9,9,0,9,0.0,0,773,0.7157407407407408,9,0,0,0,0,0.5288954600000579,0,0,0.5288954600000579,0.0,1000,0,0,,historical
2022-01-03,2022-01-03,hybrid,0,outage,static,9,9,0,9,7.111111111111111,64,773,0.7157407407407408,9,0,0,0,0,0.5288954600000579,0,0,0.5288954600000579,0.0,1000,0,0,,historical
2022-01-03,2022-01-03,hybrid,0,outage,reactive,9,9,0,9,14.333333333333334,129,738,0.6833333333333333,50,5,0,135,2,1.5876638069994442,0,0,0.5288954600000579,1.0587683469993865,3000,0,0,,historical
2022-01-03,2022-01-03,hybrid,1,no_outage,static,9,9,0,9,0.0,0,769,0.712037037037037,19,0,0,0,0,0.538210858999264,0,0,0.538210858999264,0.0,1000,0,0,,historical
2022-01-03,2022-01-03,hybrid,1,no_outage,reactive,9,9,0,9,0.0,0,769,0.712037037037037,19,0,0,0,0,0.538210858999264,0,0,0.538210858999264,0.0,1000,0,0,,historical
2022-01-03,2022-01-03,hybrid,1,outage,static,9,9,0,9,6.444444444444445,58,769,0.712037037037037,19,0,0,0,0,0.538210858999264,0,0,0.538210858999264,0.0,1000,0,0,,historical
2022-01-03,2022-01-03,hybrid,1,outage,reactive,9,9,0,9,14.0,126,727,0.6731481481481482,61,3,0,126,2,1.646953396999379,0,0,0.538210858999264,1.108742538000115,3000,0,0,,historical
2022-01-03,2022-01-03,hybrid,2,no_outage,static,9,9,0,9,0.0,0,769,0.712037037037037,19,0,0,0,0,0.5195126389999132,0,0,0.5195126389999132,0.0,1000,0,0,,historical
2022-01-03,2022-01-03,hybrid,2,no_outage,reactive,9,9,0,9,0.0,0,769,0.712037037037037,19,0,0,0,0,0.5195126389999132,0,0,0.5195126389999132,0.0,1000,0,0,,historical
2022-01-03,2022-01-03,hybrid,2,outage,static,9,9,0,9,6.444444444444445,58,769,0.712037037037037,19,0,0,0,0,0.5195126389999132,0,0,0.5195126389999132,0.0,1000,0,0,,historical
2022-01-03,2022-01-03,hybrid,2,outage,reactive,9,9,0,9,14.0,126,727,0.6731481481481482,61,3,0,126,2,1.5689998669995475,0,0,0.5195126389999132,1.0494872279996343,3000,0,0,,historical
2022-01-03,2022-01-03,aco,0,no_outage,static,9,9,0,9,0.0,0,769,0.712037037037037,19,0,0,0,0,0.5730805339999279,0,0,0.5730805339999279,0.0,1000,0,0,,historical
2022-01-03,2022-01-03,aco,0,no_outage,reactive,9,9,0,9,0.0,0,769,0.712037037037037,19,0,0,0,0,0.5730805339999279,0,0,0.5730805339999279,0.0,1000,0,0,,historical
2022-01-03,2022-01-03,aco,0,outage,static,9,9,0,9,6.444444444444445,58,769,0.712037037037037,19,0,0,0,0,0.5730805339999279,0,0,0.5730805339999279,0.0,1000,0,0,,historical
2022-01-03,2022-01-03,aco,0,outage,reactive,9,9,0,9,14.0,126,727,0.6731481481481482,61,3,0,126,2,1.6768148239998482,0,0,0.5730805339999279,1.1037342899999203,3000,0,0,,historical
2022-01-03,2022-01-03,aco,1,no_outage,static,9,9,0,9,0.0,0,773,0.7157407407407408,3,0,0,0,0,0.6099039410000842,0,0,0.6099039410000842,0.0,1000,0,0,,historical
2022-01-03,2022-01-03,aco,1,no_outage,reactive,9,9,0,9,0.0,0,773,0.7157407407407408,3,0,0,0,0,0.6099039410000842,0,0,0.6099039410000842,0.0,1000,0,0,,historical
2022-01-03,2022-01-03,aco,1,outage,static,9,9,0,9,6.444444444444445,58,773,0.7157407407407408,3,0,0,0,0,0.6099039410000842,0,0,0.6099039410000842,0.0,1000,0,0,,historical
2022-01-03,2022-01-03,aco,1,outage,reactive,9,9,0,9,14.0,126,743,0.687962962962963,45,3,0,126,2,1.6919589290000658,0,0,0.6099039410000842,1.0820549879999817,3000,0,0,,historical
2022-01-03,2022-01-03,aco,2,no_outage,static,9,9,0,9,0.0,0,773,0.7157407407407408,9,0,0,0,0,0.5768398230002276,0,0,0.5768398230002276,0.0,1000,0,0,,historical
2022-01-03,2022-01-03,aco,2,no_outage,reactive,9,9,0,9,0.0,0,773,0.7157407407407408,9,0,0,0,0,0.5768398230002276,0,0,0.5768398230002276,0.0,1000,0,0,,historical
2022-01-03,2022-01-03,aco,2,outage,static,9,9,0,9,7.111111111111111,64,773,0.7157407407407408,9,0,0,0,0,0.5768398230002276,0,0,0.5768398230002276,0.0,1000,0,0,,historical
2022-01-03,2022-01-03,aco,2,outage,reactive,9,9,0,9,14.333333333333334,129,771,0.7138888888888889,17,8,0,153,2,1.6923198399990724,0,0,0.5768398230002276,1.1154800169988448,3000,0,0,,historical
2022-02-02,2022-02-02,baseline,0,no_outage,static,15,12,3,12,23.416666666666668,281,873,0.8083333333333333,106,0,0,0,0,0.0002518960000088,0,0,0.0002518960000088,0.0,0,0,0,,historical
2022-02-02,2022-02-02,baseline,0,no_outage,reactive,15,12,3,12,23.416666666666668,281,873,0.8083333333333333,106,0,0,0,0,0.0002518960000088,0,0,0.0002518960000088,0.0,0,0,0,,historical
2022-02-02,2022-02-02,baseline,0,outage,static,15,11,4,11,46.36363636363637,510,782,0.7240740740740741,59,0,0,0,0,0.0002518960000088,0,0,0.0002518960000088,0.0,0,0,0,,historical
2022-02-02,2022-02-02,baseline,0,outage,reactive,15,11,4,11,47.45454545454545,522,790,0.7314814814814815,113,12,1,507,2,0.0009849299995039,0,0,0.0002518960000088,0.000733033999495,0,0,0,,historical
2022-02-02,2022-02-02,baseline,1,no_outage,static,15,12,3,12,23.416666666666668,281,873,0.8083333333333333,106,0,0,0,0,0.0002393810000285,0,0,0.0002393810000285,0.0,0,0,0,,historical
2022-02-02,2022-02-02,baseline,1,no_outage,reactive,15,12,3,12,23.416666666666668,281,873,0.8083333333333333,106,0,0,0,0,0.0002393810000285,0,0,0.0002393810000285,0.0,0,0,0,,historical
2022-02-02,2022-02-02,baseline,1,outage,static,15,11,4,11,46.36363636363637,510,782,0.7240740740740741,59,0,0,0,0,0.0002393810000285,0,0,0.0002393810000285,0.0,0,0,0,,historical
2022-02-02,2022-02-02,baseline,1,outage,reactive,15,11,4,11,47.45454545454545,522,790,0.7314814814814815,113,12,1,507,2,0.0010172410002269,0,0,0.0002393810000285,0.0007778600001984,0,0,0,,historical
2022-02-02,2022-02-02,baseline,2,no_outage,static,15,12,3,12,23.416666666666668,281,873,0.8083333333333333,106,0,0,0,0,0.0002407339998171,0,0,0.0002407339998171,0.0,0,0,0,,historical
2022-02-02,2022-02-02,baseline,2,no_outage,reactive,15,12,3,12,23.416666666666668,281,873,0.8083333333333333,106,0,0,0,0,0.0002407339998171,0,0,0.0002407339998171,0.0,0,0,0,,historical
2022-02-02,2022-02-02,baseline,2,outage,static,15,11,4,11,46.36363636363637,510,782,0.7240740740740741,59,0,0,0,0,0.0002407339998171,0,0,0.0002407339998171,0.0,0,0,0,,historical
2022-02-02,2022-02-02,baseline,2,outage,reactive,15,11,4,11,47.45454545454545,522,790,0.7314814814814815,113,12,1,507,2,0.0009735669991641,0,0,0.0002407339998171,0.000732832999347,0,0,0,,historical
2022-02-02,2022-02-02,annealing,0,no_outage,static,15,12,3,12,19.58333333333333,235,888,0.8222222222222222,91,0,0,0,0,0.5438416910001251,0,0,0.5438416910001251,0.0,1000,0,0,,historical
2022-02-02,2022-02-02,annealing,0,no_outage,reactive,15,12,3,12,19.58333333333333,235,888,0.8222222222222222,91,0,0,0,0,0.5438416910001251,0,0,0.5438416910001251,0.0,1000,0,0,,historical
2022-02-02,2022-02-02,annealing,0,outage,static,15,11,4,11,42.72727272727273,470,800,0.7407407407407407,103,0,0,0,0,0.5438416910001251,0,0,0.5438416910001251,0.0,1000,0,0,,historical
2022-02-02,2022-02-02,annealing,0,outage,reactive,15,11,4,11,43.54545454545455,479,797,0.7379629629629629,106,9,0,424,2,1.6259661509993748,0,0,0.5438416910001251,1.0821244599992497,3000,0,0,,historical
2022-02-02,2022-02-02,annealing,1,no_outage,static,15,12,3,12,25.166666666666668,302,879,0.8138888888888889,100,0,0,0,0,0.530764027999794,0,0,0.530764027999794,0.0,1000,0,0,,historical
2022-02-02,2022-02-02,annealing,1,no_outage,reactive,15,12,3,12,25.166666666666668,302,879,0.8138888888888889,100,0,0,0,0,0.530764027999794,0,0,0.530764027999794,0.0,1000,0,0,,historical
2022-02-02,2022-02-02,annealing,1,outage,static,15,12,3,12,49.25,591,819,0.7583333333333333,160,0,0,0,0,0.530764027999794,0,0,0.530764027999794,0.0,1000,0,0,,historical
2022-02-02,2022-02-02,annealing,1,outage,reactive,15,11,4,11,50.54545454545455,556,797,0.7379629629629629,106,15,2,883,2,1.5992353149995324,0,0,0.530764027999794,1.0684712869997384,3000,0,0,,historical
2022-02-02,2022-02-02,annealing,2,no_outage,static,15,12,3,12,23.58333333333333,283,888,0.8222222222222222,99,0,0,0,0,0.5412940209998851,0,0,0.5412940209998851,0.0,1000,0,0,,historical
2022-02-02,2022-02-02,annealing,2,no_outage,reactive,15,12,3,12,23.58333333333333,283,888,0.8222222222222222,99,0,0,0,0,0.5412940209998851,0,0,0.5412940209998851,0.0,1000,0,0,,historical
2022-02-02,2022-02-02,annealing,2,outage,static,15,12,3,12,38.66666666666666,464,844,0.7814814814814814,143,0,0,0,0,0.5412940209998851,0,0,0.5412940209998851,0.0,1000,0,0,,historical
2022-02-02,2022-02-02,annealing,2,outage,reactive,15,12,3,12,30.33333333333333,364,813,0.7527777777777778,116,12,3,896,2,1.604999899998802,0,0,0.5412940209998851,1.0637058789989169,3000,0,0,,historical
2022-02-02,2022-02-02,tabu,0,no_outage,static,15,13,2,13,17.0,221,899,0.8324074074074074,166,0,0,0,0,0.5594791979992806,0,0,0.5594791979992806,0.0,1000,0,0,,historical
2022-02-02,2022-02-02,tabu,0,no_outage,reactive,15,13,2,13,17.0,221,899,0.8324074074074074,166,0,0,0,0,0.5594791979992806,0,0,0.5594791979992806,0.0,1000,0,0,,historical
2022-02-02,2022-02-02,tabu,0,outage,static,15,13,2,13,32.69230769230769,425,848,0.7851851851851852,217,0,0,0,0,0.5594791979992806,0,0,0.5594791979992806,0.0,1000,0,0,,historical
2022-02-02,2022-02-02,tabu,0,outage,reactive,15,12,3,12,34.833333333333336,418,816,0.7555555555555555,110,9,0,424,2,1.6345478139983245,0,0,0.5594791979992806,1.0750686159990437,3000,0,0,,historical
2022-02-02,2022-02-02,tabu,1,no_outage,static,15,12,3,12,21.0,252,900,0.8333333333333334,93,0,0,0,0,0.5454281470001661,0,0,0.5454281470001661,0.0,1000,0,0,,historical
2022-02-02,2022-02-02,tabu,1,no_outage,reactive,15,12,3,12,21.0,252,900,0.8333333333333334,93,0,0,0,0,0.5454281470001661,0,0,0.5454281470001661,0.0,1000,0,0,,historical
2022-02-02,2022-02-02,tabu,1,outage,static,15,11,4,11,43.36363636363637,477,809,0.7490740740740741,84,0,0,0,0,0.5454281470001661,0,0,0.5454281470001661,0.0,1000,0,0,,historical
2022-02-02,2022-02-02,tabu,1,outage,reactive,15,11,4,11,63.90909090909091,703,796,0.737037037037037,107,10,2,803,2,1.6546133689998896,0,0,0.5454281470001661,1.1091852219997236,3000,0,0,,historical
2022-02-02,2022-02-02,tabu,2,no_outage,static,15,12,3,12,20.666666666666668,248,882,0.8166666666666667,97,0,0,0,0,0.5260468770002262,0,0,0.5260468770002262,0.0,1000,0,0,,historical
2022-02-02,2022-02-02,tabu,2,no_outage,reactive,15,12,3,12,20.666666666666668,248,882,0.8166666666666667,97,0,0,0,0,0.5260468770002262,0,0,0.5260468770002262,0.0,1000,0,0,,historical
2022-02-02,2022-02-02,tabu,2,outage,static,15,12,3,12,49.5,594,804,0.7444444444444445,175,0,0,0,0,0.5260468770002262,0,0,0.5260468770002262,0.0,1000,0,0,,historical
2022-02-02,2022-02-02,tabu,2,outage,reactive,15,11,4,11,52.81818181818182,581,796,0.737037037037037,107,16,2,1013,2,1.6091415400005644,0,0,0.5260468770002262,1.0830946630003382,3000,0,0,,historical
2022-02-02,2022-02-02,genetic,0,no_outage,static,15,12,3,12,20.916666666666668,251,911,0.8435185185185186,92,0,0,0,0,0.5494249140001557,0,0,0.5494249140001557,0.0,1000,0,0,,historical
2022-02-02,2022-02-02,genetic,0,no_outage,reactive,15,12,3,12,20.916666666666668,251,911,0.8435185185185186,92,0,0,0,0,0.5494249140001557,0,0,0.5494249140001557,0.0,1000,0,0,,historical
2022-02-02,2022-02-02,genetic,0,outage,static,15,12,3,12,37.25,447,862,0.7981481481481482,141,0,0,0,0,0.5494249140001557,0,0,0.5494249140001557,0.0,1000,0,0,,historical
2022-02-02,2022-02-02,genetic,0,outage,reactive,15,11,4,11,28.90909090909091,318,870,0.8055555555555556,33,12,5,750,2,1.6161092670008657,0,0,0.5494249140001557,1.06668435300071,3000,0,0,,historical
2022-02-02,2022-02-02,genetic,1,no_outage,static,15,12,3,12,20.08333333333333,241,879,0.8138888888888889,91,0,0,0,0,0.5333639159998711,0,0,0.5333639159998711,0.0,1000,0,0,,historical
2022-02-02,2022-02-02,genetic,1,no_outage,reactive,15,12,3,12,20.08333333333333,241,879,0.8138888888888889,91,0,0,0,0,0.5333639159998711,0,0,0.5333639159998711,0.0,1000,0,0,,historical
2022-02-02,2022-02-02,genetic,1,outage,static,15,11,4,11,44.54545454545455,490,788,0.7296296296296296,44,0,0,0,0,0.5333639159998711,0,0,0.5333639159998711,0.0,1000,0,0,,historical
2022-02-02,2022-02-02,genetic,1,outage,reactive,15,11,4,11,55.45454545454545,610,775,0.7175925925925926,65,14,5,804,2,1.620543785999871,0,0,0.5333639159998711,1.08717987,3000,0,0,,historical
2022-02-02,2022-02-02,genetic,2,no_outage,static,15,13,2,13,19.76923076923077,257,842,0.7796296296296297,223,0,0,0,0,0.5355846410002414,0,0,0.5355846410002414,0.0,1000,0,0,,historical
2022-02-02,2022-02-02,genetic,2,no_outage,reactive,15,13,2,13,19.76923076923077,257,842,0.7796296296296297,223,0,0,0,0,0.5355846410002414,0,0,0.5355846410002414,0.0,1000,0,0,,historical
2022-02-02,2022-02-02,genetic,2,outage,static,15,12,3,12,45.41666666666666,545,819,0.7583333333333333,160,0,0,0,0,0.5355846410002414,0,0,0.5355846410002414,0.0,1000,0,0,,historical
2022-02-02,2022-02-02,genetic,2,outage,reactive,15,11,4,11,50.90909090909091,560,797,0.7379629629629629,106,15,2,547,2,1.6267067409999072,0,0,0.5355846410002414,1.0911220999996658,3000,0,0,,historical
2022-02-02,2022-02-02,hybrid,0,no_outage,static,15,13,2,13,17.0,221,899,0.8324074074074074,166,0,0,0,0,0.5384650229998442,0,0,0.5384650229998442,0.0,1000,0,0,,historical
2022-02-02,2022-02-02,hybrid,0,no_outage,reactive,15,13,2,13,17.0,221,899,0.8324074074074074,166,0,0,0,0,0.5384650229998442,0,0,0.5384650229998442,0.0,1000,0,0,,historical
2022-02-02,2022-02-02,hybrid,0,outage,static,15,13,2,13,32.69230769230769,425,848,0.7851851851851852,217,0,0,0,0,0.5384650229998442,0,0,0.5384650229998442,0.0,1000,0,0,,historical
2022-02-02,2022-02-02,hybrid,0,outage,reactive,15,12,3,12,34.833333333333336,418,816,0.7555555555555555,110,9,0,424,2,1.5924902940005268,0,0,0.5384650229998442,1.0540252710006826,3000,0,0,,historical
2022-02-02,2022-02-02,hybrid,1,no_outage,static,15,12,3,12,21.0,252,900,0.8333333333333334,93,0,0,0,0,0.5309737610004959,0,0,0.5309737610004959,0.0,1000,0,0,,historical
2022-02-02,2022-02-02,hybrid,1,no_outage,reactive,15,12,3,12,21.0,252,900,0.8333333333333334,93,0,0,0,0,0.5309737610004959,0,0,0.5309737610004959,0.0,1000,0,0,,historical
2022-02-02,2022-02-02,hybrid,1,outage,static,15,11,4,11,43.36363636363637,477,809,0.7490740740740741,84,0,0,0,0,0.5309737610004959,0,0,0.5309737610004959,0.0,1000,0,0,,historical
2022-02-02,2022-02-02,hybrid,1,outage,reactive,15,11,4,11,63.90909090909091,703,796,0.737037037037037,107,10,2,803,2,1.6324951540000257,0,0,0.5309737610004959,1.1015213929995298,3000,0,0,,historical
2022-02-02,2022-02-02,hybrid,2,no_outage,static,15,12,3,12,20.666666666666668,248,882,0.8166666666666667,97,0,0,0,0,0.5281163379995633,0,0,0.5281163379995633,0.0,1000,0,0,,historical
2022-02-02,2022-02-02,hybrid,2,no_outage,reactive,15,12,3,12,20.666666666666668,248,882,0.8166666666666667,97,0,0,0,0,0.5281163379995633,0,0,0.5281163379995633,0.0,1000,0,0,,historical
2022-02-02,2022-02-02,hybrid,2,outage,static,15,12,3,12,49.5,594,804,0.7444444444444445,175,0,0,0,0,0.5281163379995633,0,0,0.5281163379995633,0.0,1000,0,0,,historical
2022-02-02,2022-02-02,hybrid,2,outage,reactive,15,11,4,11,52.81818181818182,581,796,0.737037037037037,107,16,2,1013,2,1.588952447999873,0,0,0.5281163379995633,1.0608361100003094,3000,0,0,,historical
2022-02-02,2022-02-02,aco,0,no_outage,static,15,12,3,12,16.916666666666668,203,870,0.8055555555555556,105,0,0,0,0,0.6435254649995841,0,0,0.6435254649995841,0.0,1000,0,0,,historical
2022-02-02,2022-02-02,aco,0,no_outage,reactive,15,12,3,12,16.916666666666668,203,870,0.8055555555555556,105,0,0,0,0,0.6435254649995841,0,0,0.6435254649995841,0.0,1000,0,0,,historical
2022-02-02,2022-02-02,aco,0,outage,static,15,12,3,12,42.66666666666666,512,779,0.7212962962962963,208,0,0,0,0,0.6435254649995841,0,0,0.6435254649995841,0.0,1000,0,0,,historical
2022-02-02,2022-02-02,aco,0,outage,reactive,15,12,3,12,43.66666666666666,524,776,0.7185185185185186,211,9,0,424,2,1.8175569000004543,0,0,0.6435254649995841,1.1740314350008705,3000,0,0,,historical
2022-02-02,2022-02-02,aco,1,no_outage,static,15,12,3,12,12.583333333333334,151,920,0.8518518518518519,83,0,0,0,0,0.617012362999958,0,0,0.617012362999958,0.0,1000,0,0,,historical
2022-02-02,2022-02-02,aco,1,no_outage,reactive,15,12,3,12,12.583333333333334,151,920,0.8518518518518519,83,0,0,0,0,0.617012362999958,0,0,0.617012362999958,0.0,1000,0,0,,historical
2022-02-02,2022-02-02,aco,1,outage,static,15,12,3,12,32.916666666666664,395,859,0.7953703703703704,144,0,0,0,0,0.617012362999958,0,0,0.617012362999958,0.0,1000,0,0,,historical
2022-02-02,2022-02-02,aco,1,outage,reactive,15,11,4,11,57.36363636363637,631,821,0.7601851851851852,82,11,3,746,2,1.8120747330003724,0,0,0.617012362999958,1.1950623700004144,3000,0,0,,historical
2022-02-02,2022-02-02,aco,2,no_outage,static,15,11,4,11,15.818181818181818,174,873,0.8083333333333333,6,0,0,0,0,0.6407039420000729,0,0,0.6407039420000729,0.0,1000,0,0,,historical
2022-02-02,2022-02-02,aco,2,no_outage,reactive,15,11,4,11,15.818181818181818,174,873,0.8083333333333333,6,0,0,0,0,0.6407039420000729,0,0,0.6407039420000729,0.0,1000,0,0,,historical
2022-02-02,2022-02-02,aco,2,outage,static,15,11,4,11,44.72727272727273,492,776,0.7185185185185186,112,0,0,0,0,0.6407039420000729,0,0,0.6407039420000729,0.0,1000,0,0,,historical
2022-02-02,2022-02-02,aco,2,outage,reactive,15,11,4,11,43.90909090909091,483,755,0.6990740740740741,71,14,6,939,2,1.8282910170000832,0,0,0.6407039420000729,1.1875870750000104,3000,0,0,,historical
2022-10-20,2022-10-20,baseline,0,no_outage,static,25,17,8,17,28.176470588235293,479,766,0.7092592592592593,120,0,0,0,0,0.0003743099996427,0,0,0.0003743099996427,0.0,0,0,0,,historical
2022-10-20,2022-10-20,baseline,0,no_outage,reactive,25,17,8,17,28.176470588235293,479,766,0.7092592592592593,120,0,0,0,0,0.0003743099996427,0,0,0.0003743099996427,0.0,0,0,0,,historical
2022-10-20,2022-10-20,baseline,0,outage,static,25,16,9,16,36.0625,577,733,0.6787037037037037,110,0,0,0,0,0.0003743099996427,0,0,0.0003743099996427,0.0,0,0,0,,historical
2022-10-20,2022-10-20,baseline,0,outage,reactive,25,16,9,16,47.8125,765,747,0.6916666666666667,77,22,10,555,2,0.0014444169992202,0,0,0.0003743099996427,0.0010701069995775,0,0,0,,historical
2022-10-20,2022-10-20,baseline,1,no_outage,static,25,17,8,17,28.176470588235293,479,766,0.7092592592592593,120,0,0,0,0,0.0003269589997216,0,0,0.0003269589997216,0.0,0,0,0,,historical
2022-10-20,2022-10-20,baseline,1,no_outage,reactive,25,17,8,17,28.176470588235293,479,766,0.7092592592592593,120,0,0,0,0,0.0003269589997216,0,0,0.0003269589997216,0.0,0,0,0,,historical
2022-10-20,2022-10-20,baseline,1,outage,static,25,16,9,16,36.0625,577,733,0.6787037037037037,110,0,0,0,0,0.0003269589997216,0,0,0.0003269589997216,0.0,0,0,0,,historical
2022-10-20,2022-10-20,baseline,1,outage,reactive,25,16,9,16,47.8125,765,747,0.6916666666666667,77,22,10,555,2,0.0014079769998716,0,0,0.0003269589997216,0.0010810180001499,0,0,0,,historical
2022-10-20,2022-10-20,baseline,2,no_outage,static,25,17,8,17,28.176470588235293,479,766,0.7092592592592593,120,0,0,0,0,0.0003154859996357,0,0,0.0003154859996357,0.0,0,0,0,,historical
2022-10-20,2022-10-20,baseline,2,no_outage,reactive,25,17,8,17,28.176470588235293,479,766,0.7092592592592593,120,0,0,0,0,0.0003154859996357,0,0,0.0003154859996357,0.0,0,0,0,,historical
2022-10-20,2022-10-20,baseline,2,outage,static,25,16,9,16,36.0625,577,733,0.6787037037037037,110,0,0,0,0,0.0003154859996357,0,0,0.0003154859996357,0.0,0,0,0,,historical
2022-10-20,2022-10-20,baseline,2,outage,reactive,25,16,9,16,47.8125,765,747,0.6916666666666667,77,22,10,555,2,0.001400241999363,0,0,0.0003154859996357,0.0010847559997273,0,0,0,,historical
2022-10-20,2022-10-20,annealing,0,no_outage,static,25,17,8,17,28.176470588235293,479,766,0.7092592592592593,120,0,0,0,0,0.5386239239996939,0,0,0.5386239239996939,0.0,1000,0,0,,historical
2022-10-20,2022-10-20,annealing,0,no_outage,reactive,25,17,8,17,28.176470588235293,479,766,0.7092592592592593,120,0,0,0,0,0.5386239239996939,0,0,0.5386239239996939,0.0,1000,0,0,,historical
2022-10-20,2022-10-20,annealing,0,outage,static,25,16,9,16,36.0625,577,733,0.6787037037037037,110,0,0,0,0,0.5386239239996939,0,0,0.5386239239996939,0.0,1000,0,0,,historical
2022-10-20,2022-10-20,annealing,0,outage,reactive,25,16,9,16,41.8125,669,755,0.6990740740740741,67,20,7,561,2,1.671891441000298,0,0,0.5386239239996939,1.133267517000604,3000,0,0,,historical
2022-10-20,2022-10-20,annealing,1,no_outage,static,25,17,8,17,28.176470588235293,479,766,0.7092592592592593,120,0,0,0,0,0.5424040190000596,0,0,0.5424040190000596,0.0,1000,0,0,,historical
2022-10-20,2022-10-20,annealing,1,no_outage,reactive,25,17,8,17,28.176470588235293,479,766,0.7092592592592593,120,0,0,0,0,0.5424040190000596,0,0,0.5424040190000596,0.0,1000,0,0,,historical
2022-10-20,2022-10-20,annealing,1,outage,static,25,16,9,16,36.0625,577,733,0.6787037037037037,110,0,0,0,0,0.5424040190000596,0,0,0.5424040190000596,0.0,1000,0,0,,historical
2022-10-20,2022-10-20,annealing,1,outage,reactive,25,16,9,16,47.75,764,741,0.6861111111111111,83,18,2,564,2,1.627412256000753,0,0,0.5424040190000596,1.085008237000693,3000,0,0,,historical
2022-10-20,2022-10-20,annealing,2,no_outage,static,25,17,8,17,28.176470588235293,479,766,0.7092592592592593,120,0,0,0,0,0.5479681469996649,0,0,0.5479681469996649,0.0,1000,0,0,,historical
2022-10-20,2022-10-20,annealing,2,no_outage,reactive,25,17,8,17,28.176470588235293,479,766,0.7092592592592593,120,0,0,0,0,0.5479681469996649,0,0,0.5479681469996649,0.0,1000,0,0,,historical
2022-10-20,2022-10-20,annealing,2,outage,static,25,16,9,16,36.0625,577,733,0.6787037037037037,110,0,0,0,0,0.5479681469996649,0,0,0.5479681469996649,0.0,1000,0,0,,historical
2022-10-20,2022-10-20,annealing,2,outage,reactive,25,16,9,16,42.75,684,752,0.6962962962962963,72,16,1,458,2,1.6550221329998749,0,0,0.5479681469996649,1.10705398600021,3000,0,0,,historical
2022-10-20,2022-10-20,tabu,0,no_outage,static,25,17,8,17,28.176470588235293,479,766,0.7092592592592593,120,0,0,0,0,0.5460112410000875,0,0,0.5460112410000875,0.0,1000,0,0,,historical
2022-10-20,2022-10-20,tabu,0,no_outage,reactive,25,17,8,17,28.176470588235293,479,766,0.7092592592592593,120,0,0,0,0,0.5460112410000875,0,0,0.5460112410000875,0.0,1000,0,0,,historical
2022-10-20,2022-10-20,tabu,0,outage,static,25,16,9,16,36.0625,577,733,0.6787037037037037,110,0,0,0,0,0.5460112410000875,0,0,0.5460112410000875,0.0,1000,0,0,,historical
2022-10-20,2022-10-20,tabu,0,outage,reactive,25,16,9,16,42.75,684,752,0.6962962962962963,72,16,1,458,2,1.695701141000427,0,0,0.5460112410000875,1.1496899000003395,3000,0,0,,historical
2022-10-20,2022-10-20,tabu,1,no_outage,static,25,17,8,17,28.176470588235293,479,766,0.7092592592592593,120,0,0,0,0,0.5532752139997683,0,0,0.5532752139997683,0.0,1000,0,0,,historical
2022-10-20,2022-10-20,tabu,1,no_outage,reactive,25,17,8,17,28.176470588235293,479,766,0.7092592592592593,120,0,0,0,0,0.5532752139997683,0,0,0.5532752139997683,0.0,1000,0,0,,historical
2022-10-20,2022-10-20,tabu,1,outage,static,25,16,9,16,36.0625,577,733,0.6787037037037037,110,0,0,0,0,0.5532752139997683,0,0,0.5532752139997683,0.0,1000,0,0,,historical
2022-10-20,2022-10-20,tabu,1,outage,reactive,25,16,9,16,47.75,764,741,0.6861111111111111,83,18,2,564,2,1.6632456180004738,0,0,0.5532752139997683,1.1099704040007057,3000,0,0,,historical
2022-10-20,2022-10-20,tabu,2,no_outage,static,25,17,8,17,28.176470588235293,479,766,0.7092592592592593,120,0,0,0,0,0.5419491430002381,0,0,0.5419491430002381,0.0,1000,0,0,,historical
2022-10-20,2022-10-20,tabu,2,no_outage,reactive,25,17,8,17,28.176470588235293,479,766,0.7092592592592593,120,0,0,0,0,0.5419491430002381,0,0,0.5419491430002381,0.0,1000,0,0,,historical
2022-10-20,2022-10-20,tabu,2,outage,static,25,16,9,16,36.0625,577,733,0.6787037037037037,110,0,0,0,0,0.5419491430002381,0,0,0.5419491430002381,0.0,1000,0,0,,historical
2022-10-20,2022-10-20,tabu,2,outage,reactive,25,16,9,16,42.75,684,752,0.6962962962962963,72,16,1,458,2,1.6211727840000094,0,0,0.5419491430002381,1.0792236409997713,3000,0,0,,historical
2022-10-20,2022-10-20,genetic,0,no_outage,static,25,17,8,17,28.176470588235293,479,766,0.7092592592592593,120,0,0,0,0,0.5517301760000919,0,0,0.5517301760000919,0.0,1000,0,0,,historical
2022-10-20,2022-10-20,genetic,0,no_outage,reactive,25,17,8,17,28.176470588235293,479,766,0.7092592592592593,120,0,0,0,0,0.5517301760000919,0,0,0.5517301760000919,0.0,1000,0,0,,historical
2022-10-20,2022-10-20,genetic,0,outage,static,25,16,9,16,36.0625,577,733,0.6787037037037037,110,0,0,0,0,0.5517301760000919,0,0,0.5517301760000919,0.0,1000,0,0,,historical
2022-10-20,2022-10-20,genetic,0,outage,reactive,25,16,9,16,47.5625,761,751,0.6953703703703704,73,17,7,561,2,1.6321517070000482,0,0,0.5517301760000919,1.0804215309999563,3000,0,0,,historical
2022-10-20,2022-10-20,genetic,1,no_outage,static,25,17,8,17,28.176470588235293,479,766,0.7092592592592593,120,0,0,0,0,0.5514322839999295,0,0,0.5514322839999295,0.0,1000,0,0,,historical
2022-10-20,2022-10-20,genetic,1,no_outage,reactive,25,17,8,17,28.176470588235293,479,766,0.7092592592592593,120,0,0,0,0,0.5514322839999295,0,0,0.5514322839999295,0.0,1000,0,0,,historical
2022-10-20,2022-10-20,genetic,1,outage,static,25,16,9,16,36.0625,577,733,0.6787037037037037,110,0,0,0,0,0.5514322839999295,0,0,0.5514322839999295,0.0,1000,0,0,,historical
2022-10-20,2022-10-20,genetic,1,outage,reactive,25,16,9,16,37.1875,595,752,0.6962962962962963,91,20,6,845,2,1.6824223280000297,0,0,0.5514322839999295,1.1309900440001002,3000,0,0,,historical
2022-10-20,2022-10-20,genetic,2,no_outage,static,25,17,8,17,28.176470588235293,479,766,0.7092592592592593,120,0,0,0,0,0.5556671859994822,0,0,0.5556671859994822,0.0,1000,0,0,,historical
2022-10-20,2022-10-20,genetic,2,no_outage,reactive,25,17,8,17,28.176470588235293,479,766,0.7092592592592593,120,0,0,0,0,0.5556671859994822,0,0,0.5556671859994822,0.0,1000,0,0,,historical
2022-10-20,2022-10-20,genetic,2,outage,static,25,16,9,16,36.0625,577,733,0.6787037037037037,110,0,0,0,0,0.5556671859994822,0,0,0.5556671859994822,0.0,1000,0,0,,historical
2022-10-20,2022-10-20,genetic,2,outage,reactive,25,16,9,16,45.25,724,760,0.7037037037037037,57,18,6,576,2,1.6636007249999238,0,0,0.5556671859994822,1.1079335390004417,3000,0,0,,historical
2022-10-20,2022-10-20,hybrid,0,no_outage,static,25,17,8,17,28.176470588235293,479,766,0.7092592592592593,120,0,0,0,0,0.5463907180001115,0,0,0.5463907180001115,0.0,1000,0,0,,historical
2022-10-20,2022-10-20,hybrid,0,no_outage,reactive,25,17,8,17,28.176470588235293,479,766,0.7092592592592593,120,0,0,0,0,0.5463907180001115,0,0,0.5463907180001115,0.0,1000,0,0,,historical
2022-10-20,2022-10-20,hybrid,0,outage,static,25,16,9,16,36.0625,577,733,0.6787037037037037,110,0,0,0,0,0.5463907180001115,0,0,0.5463907180001115,0.0,1000,0,0,,historical
2022-10-20,2022-10-20,hybrid,0,outage,reactive,25,16,9,16,42.75,684,752,0.6962962962962963,72,16,1,458,2,1.6289602119995834,0,0,0.5463907180001115,1.082569493999472,3000,0,0,,historical
2022-10-20,2022-10-20,hybrid,1,no_outage,static,25,17,8,17,28.176470588235293,479,766,0.7092592592592593,120,0,0,0,0,0.5430427829996916,0,0,0.5430427829996916,0.0,1000,0,0,,historical
2022-10-20,2022-10-20,hybrid,1,no_outage,reactive,25,17,8,17,28.176470588235293,479,766,0.7092592592592593,120,0,0,0,0,0.5430427829996916,0,0,0.5430427829996916,0.0,1000,0,0,,historical
2022-10-20,2022-10-20,hybrid,1,outage,static,25,16,9,16,36.0625,577,733,0.6787037037037037,110,0,0,0,0,0.5430427829996916,0,0,0.5430427829996916,0.0,1000,0,0,,historical
2022-10-20,2022-10-20,hybrid,1,outage,reactive,25,16,9,16,47.75,764,741,0.6861111111111111,83,18,2,564,2,1.6379380189991934,0,0,0.5430427829996916,1.094895235999502,3000,0,0,,historical
2022-10-20,2022-10-20,hybrid,2,no_outage,static,25,17,8,17,28.176470588235293,479,766,0.7092592592592593,120,0,0,0,0,0.5729940459996214,0,0,0.5729940459996214,0.0,1000,0,0,,historical
2022-10-20,2022-10-20,hybrid,2,no_outage,reactive,25,17,8,17,28.176470588235293,479,766,0.7092592592592593,120,0,0,0,0,0.5729940459996214,0,0,0.5729940459996214,0.0,1000,0,0,,historical
2022-10-20,2022-10-20,hybrid,2,outage,static,25,16,9,16,36.0625,577,733,0.6787037037037037,110,0,0,0,0,0.5729940459996214,0,0,0.5729940459996214,0.0,1000,0,0,,historical
2022-10-20,2022-10-20,hybrid,2,outage,reactive,25,16,9,16,42.75,684,752,0.6962962962962963,72,16,1,458,2,1.6710953769998014,0,0,0.5729940459996214,1.09810133100018,3000,0,0,,historical
2022-10-20,2022-10-20,aco,0,no_outage,static,25,17,8,17,28.176470588235293,479,766,0.7092592592592593,120,0,0,0,0,0.7017818270005591,0,0,0.7017818270005591,0.0,1000,0,0,,historical
2022-10-20,2022-10-20,aco,0,no_outage,reactive,25,17,8,17,28.176470588235293,479,766,0.7092592592592593,120,0,0,0,0,0.7017818270005591,0,0,0.7017818270005591,0.0,1000,0,0,,historical
2022-10-20,2022-10-20,aco,0,outage,static,25,16,9,16,36.0625,577,733,0.6787037037037037,110,0,0,0,0,0.7017818270005591,0,0,0.7017818270005591,0.0,1000,0,0,,historical
2022-10-20,2022-10-20,aco,0,outage,reactive,25,16,9,16,48.6875,779,737,0.6824074074074075,87,19,10,659,2,2.043419218000963,0,0,0.7017818270005591,1.341637391000404,3000,0,0,,historical
2022-10-20,2022-10-20,aco,1,no_outage,static,25,17,8,17,28.176470588235293,479,766,0.7092592592592593,120,0,0,0,0,0.6961870730001465,0,0,0.6961870730001465,0.0,1000,0,0,,historical
2022-10-20,2022-10-20,aco,1,no_outage,reactive,25,17,8,17,28.176470588235293,479,766,0.7092592592592593,120,0,0,0,0,0.6961870730001465,0,0,0.6961870730001465,0.0,1000,0,0,,historical
2022-10-20,2022-10-20,aco,1,outage,static,25,16,9,16,36.0625,577,733,0.6787037037037037,110,0,0,0,0,0.6961870730001465,0,0,0.6961870730001465,0.0,1000,0,0,,historical
2022-10-20,2022-10-20,aco,1,outage,reactive,25,16,9,16,43.3125,693,736,0.6814814814814815,88,16,3,458,2,1.994278652999128,0,0,0.6961870730001465,1.2980915799989816,3000,0,0,,historical
2022-10-20,2022-10-20,aco,2,no_outage,static,25,17,8,17,28.176470588235293,479,766,0.7092592592592593,120,0,0,0,0,0.7031833490000281,0,0,0.7031833490000281,0.0,1000,0,0,,historical
2022-10-20,2022-10-20,aco,2,no_outage,reactive,25,17,8,17,28.176470588235293,479,766,0.7092592592592593,120,0,0,0,0,0.7031833490000281,0,0,0.7031833490000281,0.0,1000,0,0,,historical
2022-10-20,2022-10-20,aco,2,outage,static,25,16,9,16,36.0625,577,733,0.6787037037037037,110,0,0,0,0,0.7031833490000281,0,0,0.7031833490000281,0.0,1000,0,0,,historical
2022-10-20,2022-10-20,aco,2,outage,reactive,25,16,9,16,47.1875,755,751,0.6953703703703704,73,17,7,547,2,2.0425478770002883,0,0,0.7031833490000281,1.3393645280002602,3000,0,0,,historical
sample-100-0,2022-01-01,aco,0,no_outage,reactive,100,97,3,97,24.0,2328,6072,0.8031746031746032,1000,0,0,0,0,1.371558976000415,0,0,1.371558976000415,0.0,1000,0,0,,large
sample-100-0,2022-01-01,aco,0,no_outage,static,100,97,3,97,24.0,2328,6072,0.8031746031746032,1000,0,0,0,0,1.371558976000415,0,0,1.371558976000415,0.0,1000,0,0,,large
sample-100-0,2022-01-01,aco,0,outage,reactive,100,93,7,93,37.516129032258064,3489,5900,0.7804232804232805,785,111,99,7581,2,3.405048305001401,0,0,1.371558976000415,2.033489329000986,3000,0,0,,large
sample-100-0,2022-01-01,aco,0,outage,static,100,96,4,96,28.14583333333333,2702,5972,0.78994708994709,1010,0,0,0,0,1.371558976000415,0,0,1.371558976000415,0.0,1000,0,0,,large
sample-100-0,2022-01-01,aco,1,no_outage,reactive,100,97,3,97,24.0,2328,6072,0.8031746031746032,1000,0,0,0,0,1.340528878999976,0,0,1.340528878999976,0.0,1000,0,0,,large
sample-100-0,2022-01-01,aco,1,no_outage,static,100,97,3,97,24.0,2328,6072,0.8031746031746032,1000,0,0,0,0,1.340528878999976,0,0,1.340528878999976,0.0,1000,0,0,,large
sample-100-0,2022-01-01,aco,1,outage,reactive,100,94,6,94,37.765957446808514,3550,5883,0.7781746031746032,953,114,106,7243,2,3.432746753000174,0,0,1.340528878999976,2.092217874000198,3000,0,0,,large
sample-100-0,2022-01-01,aco,1,outage,static,100,96,4,96,28.14583333333333,2702,5972,0.78994708994709,1010,0,0,0,0,1.340528878999976,0,0,1.340528878999976,0.0,1000,0,0,,large
sample-100-0,2022-01-01,aco,2,no_outage,reactive,100,97,3,97,24.0,2328,6072,0.8031746031746032,1000,0,0,0,0,1.3835836500002188,0,0,1.3835836500002188,0.0,1000,0,0,,large
sample-100-0,2022-01-01,aco,2,no_outage,static,100,97,3,97,24.0,2328,6072,0.8031746031746032,1000,0,0,0,0,1.3835836500002188,0,0,1.3835836500002188,0.0,1000,0,0,,large
sample-100-0,2022-01-01,aco,2,outage,reactive,100,93,7,93,38.354838709677416,3567,5946,0.7865079365079365,670,110,102,7230,2,3.3963613429996258,0,0,1.3835836500002188,2.012777692999407,3000,0,0,,large
sample-100-0,2022-01-01,aco,2,outage,static,100,96,4,96,28.14583333333333,2702,5972,0.78994708994709,1010,0,0,0,0,1.3835836500002188,0,0,1.3835836500002188,0.0,1000,0,0,,large
sample-100-0,2022-01-01,annealing,0,no_outage,reactive,100,96,4,96,22.11458333333333,2123,5980,0.791005291005291,995,0,0,0,0,0.7021717859997807,0,0,0.7021717859997807,0.0,1000,0,0,,large
sample-100-0,2022-01-01,annealing,0,no_outage,static,100,96,4,96,22.11458333333333,2123,5980,0.791005291005291,995,0,0,0,0,0.7021717859997807,0,0,0.7021717859997807,0.0,1000,0,0,,large
sample-100-0,2022-01-01,annealing,0,outage,reactive,100,95,5,95,26.91578947368421,2557,5937,0.7853174603174603,929,95,43,4206,2,1.9681883529992772,0,0,0.7021717859997807,1.2660165669994967,3000,0,0,,large
sample-100-0,2022-01-01,annealing,0,outage,static,100,96,4,96,22.6875,2178,5980,0.791005291005291,995,0,0,0,0,0.7021717859997807,0,0,0.7021717859997807,0.0,1000,0,0,,large
sample-100-0,2022-01-01,annealing,1,no_outage,reactive,100,96,4,96,22.260416666666668,2137,6091,0.8056878306878307,892,0,0,0,0,0.6758392629999435,0,0,0.6758392629999435,0.0,1000,0,0,,large
sample-100-0,2022-01-01,annealing,1,no_outage,static,100,96,4,96,22.260416666666668,2137,6091,0.8056878306878307,892,0,0,0,0,0.6758392629999435,0,0,0.6758392629999435,0.0,1000,0,0,,large
sample-100-0,2022-01-01,annealing,1,outage,reactive,100,94,6,94,35.37234042553192,3325,5925,0.7837301587301587,826,102,95,8324,2,1.9709900370007745,0,0,0.6758392629999435,1.295150774000831,3000,0,0,,large
sample-100-0,2022-01-01,annealing,1,outage,static,100,96,4,96,23.84375,2289,6053,0.8006613756613756,930,0,0,0,0,0.6758392629999435,0,0,0.6758392629999435,0.0,1000,0,0,,large
sample-100-0,2022-01-01,annealing,2,no_outage,reactive,100,96,4,96,22.83333333333333,2192,6040,0.798941798941799,983,0,0,0,0,0.6800445179997041,0,0,0.6800445179997041,0.0,1000,0,0,,large
sample-100-0,2022-01-01,annealing,2,no_outage,static,100,96,4,96,22.83333333333333,2192,6040,0.798941798941799,983,0,0,0,0,0.6800445179997041,0,0,0.6800445179997041,0.0,1000,0,0,,large
sample-100-0,2022-01-01,annealing,2,outage,reactive,100,95,5,95,37.90526315789474,3601,5922,0.7833333333333333,860,105,100,7758,2,1.952884741998787,0,0,0.6800445179997041,1.2728402239990828,3000,0,0,,large
sample-100-0,2022-01-01,annealing,2,outage,static,100,96,4,96,26.61458333333333,2555,5973,0.790079365079365,1060,0,0,0,0,0.6800445179997041,0,0,0.6800445179997041,0.0,1000,0,0,,large
sample-100-0,2022-01-01,baseline,0,no_outage,reactive,100,97,3,97,24.0,2328,6072,0.8031746031746032,1000,0,0,0,0,0.0015487889995711,0,0,0.0015487889995711,0.0,0,0,0,,large
sample-100-0,2022-01-01,baseline,0,no_outage,static,100,97,3,97,24.0,2328,6072,0.8031746031746032,1000,0,0,0,0,0.0015487889995711,0,0,0.0015487889995711,0.0,0,0,0,,large
sample-100-0,2022-01-01,baseline,0,outage,reactive,100,96,4,96,30.45833333333333,2924,5862,0.7753968253968254,1025,110,109,1870,2,0.0057317540004078,0,0,0.0015487889995711,0.0041829650008367,0,0,0,,large
sample-100-0,2022-01-01,baseline,0,outage,static,100,96,4,96,28.14583333333333,2702,5972,0.78994708994709,1010,0,0,0,0,0.0015487889995711,0,0,0.0015487889995711,0.0,0,0,0,,large
sample-100-0,2022-01-01,baseline,1,no_outage,reactive,100,97,3,97,24.0,2328,6072,0.8031746031746032,1000,0,0,0,0,0.0015613109999321,0,0,0.0015613109999321,0.0,0,0,0,,large
sample-100-0,2022-01-01,baseline,1,no_outage,static,100,97,3,97,24.0,2328,6072,0.8031746031746032,1000,0,0,0,0,0.0015613109999321,0,0,0.0015613109999321,0.0,0,0,0,,large
sample-100-0,2022-01-01,baseline,1,outage,reactive,100,96,4,96,30.45833333333333,2924,5862,0.7753968253968254,1025,110,109,1870,2,0.0056488700001864,0,0,0.0015613109999321,0.0040875590002542,0,0,0,,large
sample-100-0,2022-01-01,baseline,1,outage,static,100,96,4,96,28.14583333333333,2702,5972,0.78994708994709,1010,0,0,0,0,0.0015613109999321,0,0,0.0015613109999321,0.0,0,0,0,,large
sample-100-0,2022-01-01,baseline,2,no_outage,reactive,100,97,3,97,24.0,2328,6072,0.8031746031746032,1000,0,0,0,0,0.0015094509999471,0,0,0.0015094509999471,0.0,0,0,0,,large
sample-100-0,2022-01-01,baseline,2,no_outage,static,100,97,3,97,24.0,2328,6072,0.8031746031746032,1000,0,0,0,0,0.0015094509999471,0,0,0.0015094509999471,0.0,0,0,0,,large
sample-100-0,2022-01-01,baseline,2,outage,reactive,100,96,4,96,30.45833333333333,2924,5862,0.7753968253968254,1025,110,109,1870,2,0.0055931500010046,0,0,0.0015094509999471,0.0040836990010575,0,0,0,,large
sample-100-0,2022-01-01,baseline,2,outage,static,100,96,4,96,28.14583333333333,2702,5972,0.78994708994709,1010,0,0,0,0,0.0015094509999471,0,0,0.0015094509999471,0.0,0,0,0,,large
sample-100-0,2022-01-01,genetic,0,no_outage,reactive,100,97,3,97,24.0,2328,6072,0.8031746031746032,1000,0,0,0,0,0.6987461890003033,0,0,0.6987461890003033,0.0,1000,0,0,,large
sample-100-0,2022-01-01,genetic,0,no_outage,static,100,97,3,97,24.0,2328,6072,0.8031746031746032,1000,0,0,0,0,0.6987461890003033,0,0,0.6987461890003033,0.0,1000,0,0,,large
sample-100-0,2022-01-01,genetic,0,outage,reactive,100,95,5,95,29.042105263157893,2759,5872,0.7767195767195767,990,74,0,2075,2,1.974838832000387,0,0,0.6987461890003033,1.2760926430000836,3000,0,0,,large
sample-100-0,2022-01-01,genetic,0,outage,static,100,96,4,96,28.14583333333333,2702,5972,0.78994708994709,1010,0,0,0,0,0.6987461890003033,0,0,0.6987461890003033,0.0,1000,0,0,,large
sample-100-0,2022-01-01,genetic,1,no_outage,reactive,100,97,3,97,24.0,2328,6072,0.8031746031746032,1000,0,0,0,0,0.6908086150006056,0,0,0.6908086150006056,0.0,1000,0,0,,large
sample-100-0,2022-01-01,genetic,1,no_outage,static,100,97,3,97,24.0,2328,6072,0.8031746031746032,1000,0,0,0,0,0.6908086150006056,0,0,0.6908086150006056,0.0,1000,0,0,,large
sample-100-0,2022-01-01,genetic,1,outage,reactive,100,95,5,95,29.042105263157893,2759,5872,0.7767195767195767,990,74,0,2075,2,1.9734418890002416,0,0,0.6908086150006056,1.282633273999636,3000,0,0,,large
sample-100-0,2022-01-01,genetic,1,outage,static,100,96,4,96,28.14583333333333,2702,5972,0.78994708994709,1010,0,0,0,0,0.6908086150006056,0,0,0.6908086150006056,0.0,1000,0,0,,large
sample-100-0,2022-01-01,genetic,2,no_outage,reactive,100,97,3,97,24.0,2328,6072,0.8031746031746032,1000,0,0,0,0,0.7148962279998159,0,0,0.7148962279998159,0.0,1000,0,0,,large
sample-100-0,2022-01-01,genetic,2,no_outage,static,100,97,3,97,24.0,2328,6072,0.8031746031746032,1000,0,0,0,0,0.7148962279998159,0,0,0.7148962279998159,0.0,1000,0,0,,large
sample-100-0,2022-01-01,genetic,2,outage,reactive,100,95,5,95,29.042105263157893,2759,5872,0.7767195767195767,990,74,0,2075,2,1.9951108390005172,0,0,0.7148962279998159,1.2802146110007016,3000,0,0,,large
sample-100-0,2022-01-01,genetic,2,outage,static,100,96,4,96,28.14583333333333,2702,5972,0.78994708994709,1010,0,0,0,0,0.7148962279998159,0,0,0.7148962279998159,0.0,1000,0,0,,large
sample-100-0,2022-01-01,hybrid,0,no_outage,reactive,100,97,3,97,24.948453608247423,2420,6068,0.8026455026455026,1000,0,0,0,0,0.6614035689999582,0,0,0.6614035689999582,0.0,1000,0,0,,large
sample-100-0,2022-01-01,hybrid,0,no_outage,static,100,97,3,97,24.948453608247423,2420,6068,0.8026455026455026,1000,0,0,0,0,0.6614035689999582,0,0,0.6614035689999582,0.0,1000,0,0,,large
sample-100-0,2022-01-01,hybrid,0,outage,reactive,100,95,5,95,30.03157894736842,2853,5887,0.7787037037037037,979,68,6,2428,2,1.9928189550000752,0,0,0.6614035689999582,1.331415386000117,3000,0,0,,large
sample-100-0,2022-01-01,hybrid,0,outage,static,100,95,5,95,27.48421052631579,2611,5968,0.7894179894179895,900,0,0,0,0,0.6614035689999582,0,0,0.6614035689999582,0.0,1000,0,0,,large
sample-100-0,2022-01-01,hybrid,1,no_outage,reactive,100,96,4,96,23.61458333333333,2267,6087,0.8051587301587302,895,0,0,0,0,0.7155591750006352,0,0,0.7155591750006352,0.0,1000,0,0,,large
sample-100-0,2022-01-01,hybrid,1,no_outage,static,100,96,4,96,23.61458333333333,2267,6087,0.8051587301587302,895,0,0,0,0,0.7155591750006352,0,0,0.7155591750006352,0.0,1000,0,0,,large
sample-100-0,2022-01-01,hybrid,1,outage,reactive,100,95,5,95,32.09473684210526,3049,5875,0.7771164021164021,1013,62,24,3918,2,1.953460358000484,0,0,0.7155591750006352,1.237901182999849,3000,0,0,,large
sample-100-0,2022-01-01,hybrid,1,outage,static,100,95,5,95,27.821052631578947,2643,5987,0.7919312169312169,906,0,0,0,0,0.7155591750006352,0,0,0.7155591750006352,0.0,1000,0,0,,large
sample-100-0,2022-01-01,hybrid,2,no_outage,reactive,100,96,4,96,20.947916666666668,2011,6082,0.8044973544973545,926,0,0,0,0,0.7062339049998627,0,0,0.7062339049998627,0.0,1000,0,0,,large
sample-100-0,2022-01-01,hybrid,2,no_outage,static,100,96,4,96,20.947916666666668,2011,6082,0.8044973544973545,926,0,0,0,0,0.7062339049998627,0,0,0.7062339049998627,0.0,1000,0,0,,large
sample-100-0,2022-01-01,hybrid,2,outage,reactive,100,96,4,96,32.1875,3090,5856,0.7746031746031746,1017,76,41,4655,2,1.971575786998983,0,0,0.7062339049998627,1.2653418819991202,3000,0,0,,large
sample-100-0,2022-01-01,hybrid,2,outage,static,100,95,5,95,25.105263157894736,2385,5982,0.7912698412698412,936,0,0,0,0,0.7062339049998627,0,0,0.7062339049998627,0.0,1000,0,0,,large
sample-100-0,2022-01-01,tabu,0,no_outage,reactive,100,97,3,97,24.948453608247423,2420,6068,0.8026455026455026,1000,0,0,0,0,0.6949827569997069,0,0,0.6949827569997069,0.0,1000,0,0,,large
sample-100-0,2022-01-01,tabu,0,no_outage,static,100,97,3,97,24.948453608247423,2420,6068,0.8026455026455026,1000,0,0,0,0,0.6949827569997069,0,0,0.6949827569997069,0.0,1000,0,0,,large
sample-100-0,2022-01-01,tabu,0,outage,reactive,100,93,7,93,28.61290322580645,2661,5888,0.7788359788359789,749,68,20,2771,2,1.982593552999788,0,0,0.6949827569997069,1.2876107960000809,3000,0,0,,large
sample-100-0,2022-01-01,tabu,0,outage,static,100,95,5,95,27.48421052631579,2611,5968,0.7894179894179895,900,0,0,0,0,0.6949827569997069,0,0,0.6949827569997069,0.0,1000,0,0,,large
sample-100-0,2022-01-01,tabu,1,no_outage,reactive,100,96,4,96,23.61458333333333,2267,6087,0.8051587301587302,895,0,0,0,0,0.6739175169996088,0,0,0.6739175169996088,0.0,1000,0,0,,large
sample-100-0,2022-01-01,tabu,1,no_outage,static,100,96,4,96,23.61458333333333,2267,6087,0.8051587301587302,895,0,0,0,0,0.6739175169996088,0,0,0.6739175169996088,0.0,1000,0,0,,large
sample-100-0,2022-01-01,tabu,1,outage,reactive,100,95,5,95,32.09473684210526,3049,5875,0.7771164021164021,1013,62,24,3918,2,1.9367106460003924,0,0,0.6739175169996088,1.2627931290007837,3000,0,0,,large
sample-100-0,2022-01-01,tabu,1,outage,static,100,95,5,95,27.821052631578947,2643,5987,0.7919312169312169,906,0,0,0,0,0.6739175169996088,0,0,0.6739175169996088,0.0,1000,0,0,,large
sample-100-0,2022-01-01,tabu,2,no_outage,reactive,100,96,4,96,20.947916666666668,2011,6082,0.8044973544973545,926,0,0,0,0,0.6696080439996877,0,0,0.6696080439996877,0.0,1000,0,0,,large
sample-100-0,2022-01-01,tabu,2,no_outage,static,100,96,4,96,20.947916666666668,2011,6082,0.8044973544973545,926,0,0,0,0,0.6696080439996877,0,0,0.6696080439996877,0.0,1000,0,0,,large
sample-100-0,2022-01-01,tabu,2,outage,reactive,100,96,4,96,32.1875,3090,5856,0.7746031746031746,1017,76,41,4655,2,1.911697944999105,0,0,0.6696080439996877,1.2420899009994173,3000,0,0,,large
sample-100-0,2022-01-01,tabu,2,outage,static,100,95,5,95,25.105263157894736,2385,5982,0.7912698412698412,936,0,0,0,0,0.6696080439996877,0,0,0.6696080439996877,0.0,1000,0,0,,large
sample-100-1,2022-01-01,aco,0,no_outage,reactive,100,97,3,97,14.22680412371134,1380,6314,0.7795061728395062,864,0,0,0,0,1.3951196529997103,0,0,1.3951196529997103,0.0,1000,0,0,,large
sample-100-1,2022-01-01,aco,0,no_outage,static,100,97,3,97,14.22680412371134,1380,6314,0.7795061728395062,864,0,0,0,0,1.3951196529997103,0,0,1.3951196529997103,0.0,1000,0,0,,large
sample-100-1,2022-01-01,aco,0,outage,reactive,100,99,1,99,39.58585858585859,3919,6241,0.7704938271604939,1210,112,102,7955,2,3.484290104998763,0,0,1.3951196529997103,2.0891704519990526,3000,0,0,,large
sample-100-1,2022-01-01,aco,0,outage,static,100,97,3,97,16.051546391752577,1557,6309,0.7788888888888889,869,0,0,0,0,1.3951196529997103,0,0,1.3951196529997103,0.0,1000,0,0,,large
sample-100-1,2022-01-01,aco,1,no_outage,reactive,100,98,2,98,16.520408163265305,1619,6439,0.7949382716049382,820,0,0,0,0,1.3522432130002926,0,0,1.3522432130002926,0.0,1000,0,0,,large
sample-100-1,2022-01-01,aco,1,no_outage,static,100,98,2,98,16.520408163265305,1619,6439,0.7949382716049382,820,0,0,0,0,1.3522432130002926,0,0,1.3522432130002926,0.0,1000,0,0,,large
sample-100-1,2022-01-01,aco,1,outage,reactive,100,97,3,97,39.11340206185567,3794,6246,0.7711111111111111,914,108,100,8622,2,3.4333462300000974,0,0,1.3522432130002926,2.081103016999805,3000,0,0,,large
sample-100-1,2022-01-01,aco,1,outage,static,100,97,3,97,15.77319587628866,1530,6413,0.7917283950617284,791,0,0,0,0,1.3522432130002926,0,0,1.3522432130002926,0.0,1000,0,0,,large
sample-100-1,2022-01-01,aco,2,no_outage,reactive,100,97,3,97,18.144329896907216,1760,6334,0.7819753086419753,767,0,0,0,0,1.3525127029997748,0,0,1.3525127029997748,0.0,1000,0,0,,large
sample-100-1,2022-01-01,aco,2,no_outage,static,100,97,3,97,18.144329896907216,1760,6334,0.7819753086419753,767,0,0,0,0,1.3525127029997748,0,0,1.3525127029997748,0.0,1000,0,0,,large
sample-100-1,2022-01-01,aco,2,outage,reactive,100,100,0,100,43.23,4323,6174,0.7622222222222222,1324,113,101,9250,2,3.414448323000215,0,0,1.3525127029997748,2.0619356200004404,3000,0,0,,large
sample-100-1,2022-01-01,aco,2,outage,static,100,96,4,96,22.52083333333333,2162,6265,0.7734567901234568,725,0,0,0,0,1.3525127029997748,0,0,1.3525127029997748,0.0,1000,0,0,,large
sample-100-1,2022-01-01,annealing,0,no_outage,reactive,100,98,2,98,16.367346938775512,1604,6400,0.7901234567901234,821,0,0,0,0,0.6741977250003401,0,0,0.6741977250003401,0.0,1000,0,0,,large
sample-100-1,2022-01-01,annealing,0,no_outage,static,100,98,2,98,16.367346938775512,1604,6400,0.7901234567901234,821,0,0,0,0,0.6741977250003401,0,0,0.6741977250003401,0.0,1000,0,0,,large
sample-100-1,2022-01-01,annealing,0,outage,reactive,100,97,3,97,35.350515463917525,3429,6235,0.769753086419753,877,88,56,6042,2,1.9818817050008877,0,0,0.6741977250003401,1.3076839800005473,3000,0,0,,large
sample-100-1,2022-01-01,annealing,0,outage,static,100,97,3,97,20.030927835051543,1943,6321,0.7803703703703704,820,0,0,0,0,0.6741977250003401,0,0,0.6741977250003401,0.0,1000,0,0,,large
sample-100-1,2022-01-01,annealing,1,no_outage,reactive,100,98,2,98,16.8265306122449,1649,6418,0.7923456790123456,943,0,0,0,0,0.7019100550005533,0,0,0.7019100550005533,0.0,1000,0,0,,large
sample-100-1,2022-01-01,annealing,1,no_outage,static,100,98,2,98,16.8265306122449,1649,6418,0.7923456790123456,943,0,0,0,0,0.7019100550005533,0,0,0.7019100550005533,0.0,1000,0,0,,large
sample-100-1,2022-01-01,annealing,1,outage,reactive,100,97,3,97,39.69072164948454,3850,6216,0.7674074074074074,1039,84,58,6102,2,2.0400956789999327,0,0,0.7019100550005533,1.3381856239993797,3000,0,0,,large
sample-100-1,2022-01-01,annealing,1,outage,static,100,97,3,97,20.51546391752577,1990,6330,0.7814814814814814,935,0,0,0,0,0.7019100550005533,0,0,0.7019100550005533,0.0,1000,0,0,,large
sample-100-1,2022-01-01,annealing,2,no_outage,reactive,100,99,1,99,16.555555555555557,1639,6392,0.7891358024691358,1022,0,0,0,0,0.740849118999904,0,0,0.740849118999904,0.0,1000,0,0,,large
sample-100-1,2022-01-01,annealing,2,no_outage,static,100,99,1,99,16.555555555555557,1639,6392,0.7891358024691358,1022,0,0,0,0,0.740849118999904,0,0,0.740849118999904,0.0,1000,0,0,,large
sample-100-1,2022-01-01,annealing,2,outage,reactive,100,99,1,99,42.03030303030303,4161,6111,0.7544444444444445,1220,103,70,7035,2,1.990641864999816,0,0,0.740849118999904,1.249792745999912,3000,0,0,,large
sample-100-1,2022-01-01,annealing,2,outage,static,100,98,2,98,19.306122448979597,1892,6310,0.7790123456790123,975,0,0,0,0,0.740849118999904,0,0,0.740849118999904,0.0,1000,0,0,,large
sample-100-1,2022-01-01,baseline,0,no_outage,reactive,100,98,2,98,15.326530612244898,1502,6288,0.7762962962962963,844,0,0,0,0,0.0018281070006196,0,0,0.0018281070006196,0.0,0,0,0,,large
sample-100-1,2022-01-01,baseline,0,no_outage,static,100,98,2,98,15.326530612244898,1502,6288,0.7762962962962963,844,0,0,0,0,0.0018281070006196,0,0,0.0018281070006196,0.0,0,0,0,,large
sample-100-1,2022-01-01,baseline,0,outage,reactive,100,98,2,98,17.979591836734695,1762,6208,0.7664197530864197,1019,108,97,1215,2,0.006166114001644,0,0,0.0018281070006196,0.0043380070010243,0,0,0,,large
sample-100-1,2022-01-01,baseline,0,outage,static,100,98,2,98,16.816326530612244,1648,6275,0.7746913580246914,857,0,0,0,0,0.0018281070006196,0,0,0.0018281070006196,0.0,0,0,0,,large
sample-100-1,2022-01-01,baseline,1,no_outage,reactive,100,98,2,98,15.326530612244898,1502,6288,0.7762962962962963,844,0,0,0,0,0.0016235069997492,0,0,0.0016235069997492,0.0,0,0,0,,large
sample-100-1,2022-01-01,baseline,1,no_outage,static,100,98,2,98,15.326530612244898,1502,6288,0.7762962962962963,844,0,0,0,0,0.0016235069997492,0,0,0.0016235069997492,0.0,0,0,0,,large
sample-100-1,2022-01-01,baseline,1,outage,reactive,100,98,2,98,17.979591836734695,1762,6208,0.7664197530864197,1019,108,97,1215,2,0.0058169579997411,0,0,0.0016235069997492,0.0041934509999919,0,0,0,,large
sample-100-1,2022-01-01,baseline,1,outage,static,100,98,2,98,16.816326530612244,1648,6275,0.7746913580246914,857,0,0,0,0,0.0016235069997492,0,0,0.0016235069997492,0.0,0,0,0,,large
sample-100-1,2022-01-01,baseline,2,no_outage,reactive,100,98,2,98,15.326530612244898,1502,6288,0.7762962962962963,844,0,0,0,0,0.0017157199999928,0,0,0.0017157199999928,0.0,0,0,0,,large
sample-100-1,2022-01-01,baseline,2,no_outage,static,100,98,2,98,15.326530612244898,1502,6288,0.7762962962962963,844,0,0,0,0,0.0017157199999928,0,0,0.0017157199999928,0.0,0,0,0,,large
sample-100-1,2022-01-01,baseline,2,outage,reactive,100,98,2,98,17.979591836734695,1762,6208,0.7664197530864197,1019,108,97,1215,2,0.0058103100000153,0,0,0.0017157199999928,0.0040945900000224,0,0,0,,large
sample-100-1,2022-01-01,baseline,2,outage,static,100,98,2,98,16.816326530612244,1648,6275,0.7746913580246914,857,0,0,0,0,0.0017157199999928,0,0,0.0017157199999928,0.0,0,0,0,,large
sample-100-1,2022-01-01,genetic,0,no_outage,reactive,100,98,2,98,15.326530612244898,1502,6288,0.7762962962962963,844,0,0,0,0,0.6824413949998416,0,0,0.6824413949998416,0.0,1000,0,0,,large
sample-100-1,2022-01-01,genetic,0,no_outage,static,100,98,2,98,15.326530612244898,1502,6288,0.7762962962962963,844,0,0,0,0,0.6824413949998416,0,0,0.6824413949998416,0.0,1000,0,0,,large
sample-100-1,2022-01-01,genetic,0,outage,reactive,100,97,3,97,23.22680412371134,2253,6205,0.7660493827160494,857,83,4,2151,2,1.9546752169999309,0,0,0.6824413949998416,1.2722338220000893,3000,0,0,,large
sample-100-1,2022-01-01,genetic,0,outage,static,100,98,2,98,16.816326530612244,1648,6275,0.7746913580246914,857,0,0,0,0,0.6824413949998416,0,0,0.6824413949998416,0.0,1000,0,0,,large
sample-100-1,2022-01-01,genetic,1,no_outage,reactive,100,98,2,98,15.326530612244898,1502,6288,0.7762962962962963,844,0,0,0,0,0.7146987060004903,0,0,0.7146987060004903,0.0,1000,0,0,,large
sample-100-1,2022-01-01,genetic,1,no_outage,static,100,98,2,98,15.326530612244898,1502,6288,0.7762962962962963,844,0,0,0,0,0.7146987060004903,0,0,0.7146987060004903,0.0,1000,0,0,,large
sample-100-1,2022-01-01,genetic,1,outage,reactive,100,98,2,98,21.775510204081638,2134,6177,0.7625925925925926,985,82,2,1888,2,1.9798238830007904,0,0,0.7146987060004903,1.2651251770003,3000,0,0,,large
sample-100-1,2022-01-01,genetic,1,outage,static,100,98,2,98,16.816326530612244,1648,6275,0.7746913580246914,857,0,0,0,0,0.7146987060004903,0,0,0.7146987060004903,0.0,1000,0,0,,large
sample-100-1,2022-01-01,genetic,2,no_outage,reactive,100,98,2,98,15.326530612244898,1502,6288,0.7762962962962963,844,0,0,0,0,0.6829791629997999,0,0,0.6829791629997999,0.0,1000,0,0,,large
sample-100-1,2022-01-01,genetic,2,no_outage,static,100,98,2,98,15.326530612244898,1502,6288,0.7762962962962963,844,0,0,0,0,0.6829791629997999,0,0,0.6829791629997999,0.0,1000,0,0,,large
sample-100-1,2022-01-01,genetic,2,outage,reactive,100,98,2,98,21.887755102040817,2145,6129,0.7566666666666667,1018,79,0,1550,2,1.9496783399990816,0,0,0.6829791629997999,1.266699176999282,3000,0,0,,large
sample-100-1,2022-01-01,genetic,2,outage,static,100,98,2,98,16.816326530612244,1648,6275,0.7746913580246914,857,0,0,0,0,0.6829791629997999,0,0,0.6829791629997999,0.0,1000,0,0,,large
sample-100-1,2022-01-01,hybrid,0,no_outage,reactive,100,99,1,99,14.787878787878787,1464,6414,0.7918518518518518,921,0,0,0,0,0.6720114770005239,0,0,0.6720114770005239,0.0,1000,0,0,,large
sample-100-1,2022-01-01,hybrid,0,no_outage,static,100,99,1,99,14.787878787878787,1464,6414,0.7918518518518518,921,0,0,0,0,0.6720114770005239,0,0,0.6720114770005239,0.0,1000,0,0,,large
sample-100-1,2022-01-01,hybrid,0,outage,reactive,100,97,3,97,24.969072164948454,2422,6317,0.7798765432098765,810,71,22,2842,2,1.9209788030011623,0,0,0.6720114770005239,1.2489673260006384,3000,0,0,,large
sample-100-1,2022-01-01,hybrid,0,outage,static,100,99,1,99,17.252525252525253,1708,6353,0.784320987654321,982,0,0,0,0,0.6720114770005239,0,0,0.6720114770005239,0.0,1000,0,0,,large
sample-100-1,2022-01-01,hybrid,1,no_outage,reactive,100,97,3,97,15.814432989690722,1534,6483,0.8003703703703704,637,0,0,0,0,0.6740525200002594,0,0,0.6740525200002594,0.0,1000,0,0,,large
sample-100-1,2022-01-01,hybrid,1,no_outage,static,100,97,3,97,15.814432989690722,1534,6483,0.8003703703703704,637,0,0,0,0,0.6740525200002594,0,0,0.6740525200002594,0.0,1000,0,0,,large
sample-100-1,2022-01-01,hybrid,1,outage,reactive,100,97,3,97,21.95876288659794,2130,6293,0.7769135802469136,843,85,0,1784,2,1.9487642820004112,0,0,0.6740525200002594,1.2747117620001518,3000,0,0,,large
sample-100-1,2022-01-01,hybrid,1,outage,static,100,97,3,97,17.31958762886598,1680,6470,0.7987654320987654,650,0,0,0,0,0.6740525200002594,0,0,0.6740525200002594,0.0,1000,0,0,,large
sample-100-1,2022-01-01,hybrid,2,no_outage,reactive,100,98,2,98,17.632653061224488,1728,6370,0.7864197530864198,869,0,0,0,0,0.6657069419998152,0,0,0.6657069419998152,0.0,1000,0,0,,large
sample-100-1,2022-01-01,hybrid,2,no_outage,static,100,98,2,98,17.632653061224488,1728,6370,0.7864197530864198,869,0,0,0,0,0.6657069419998152,0,0,0.6657069419998152,0.0,1000,0,0,,large
sample-100-1,2022-01-01,hybrid,2,outage,reactive,100,97,3,97,22.47422680412371,2180,6201,0.7655555555555555,935,62,0,1455,2,1.9299455369991847,0,0,0.6657069419998152,1.2642385949993695,3000,0,0,,large
sample-100-1,2022-01-01,hybrid,2,outage,static,100,98,2,98,19.12244897959184,1874,6357,0.7848148148148149,882,0,0,0,0,0.6657069419998152,0,0,0.6657069419998152,0.0,1000,0,0,,large
sample-100-1,2022-01-01,tabu,0,no_outage,reactive,100,99,1,99,14.787878787878787,1464,6414,0.7918518518518518,921,0,0,0,0,0.6644442500000878,0,0,0.6644442500000878,0.0,1000,0,0,,large
sample-100-1,2022-01-01,tabu,0,no_outage,static,100,99,1,99,14.787878787878787,1464,6414,0.7918518518518518,921,0,0,0,0,0.6644442500000878,0,0,0.6644442500000878,0.0,1000,0,0,,large
sample-100-1,2022-01-01,tabu,0,outage,reactive,100,96,4,96,26.11458333333333,2507,6300,0.7777777777777778,579,69,20,2718,2,2.017077498000617,0,0,0.6644442500000878,1.3526332480005294,3000,0,0,,large
sample-100-1,2022-01-01,tabu,0,outage,static,100,99,1,99,17.252525252525253,1708,6353,0.784320987654321,982,0,0,0,0,0.6644442500000878,0,0,0.6644442500000878,0.0,1000,0,0,,large
sample-100-1,2022-01-01,tabu,1,no_outage,reactive,100,97,3,97,15.814432989690722,1534,6483,0.8003703703703704,637,0,0,0,0,0.7091900819996226,0,0,0.7091900819996226,0.0,1000,0,0,,large
sample-100-1,2022-01-01,tabu,1,no_outage,static,100,97,3,97,15.814432989690722,1534,6483,0.8003703703703704,637,0,0,0,0,0.7091900819996226,0,0,0.7091900819996226,0.0,1000,0,0,,large
sample-100-1,2022-01-01,tabu,1,outage,reactive,100,97,3,97,21.95876288659794,2130,6293,0.7769135802469136,843,85,0,1784,2,1.9572641539998583,0,0,0.7091900819996226,1.248074072000236,3000,0,0,,large
sample-100-1,2022-01-01,tabu,1,outage,static,100,97,3,97,17.31958762886598,1680,6470,0.7987654320987654,650,0,0,0,0,0.7091900819996226,0,0,0.7091900819996226,0.0,1000,0,0,,large
sample-100-1,2022-01-01,tabu,2,no_outage,reactive,100,98,2,98,17.632653061224488,1728,6370,0.7864197530864198,869,0,0,0,0,0.6610529019999376,0,0,0.6610529019999376,0.0,1000,0,0,,large
sample-100-1,2022-01-01,tabu,2,no_outage,static,100,98,2,98,17.632653061224488,1728,6370,0.7864197530864198,869,0,0,0,0,0.6610529019999376,0,0,0.6610529019999376,0.0,1000,0,0,,large
sample-100-1,2022-01-01,tabu,2,outage,reactive,100,97,3,97,22.47422680412371,2180,6201,0.7655555555555555,935,62,0,1455,2,1.9246468379997168,0,0,0.6610529019999376,1.2635939359997792,3000,0,0,,large
sample-100-1,2022-01-01,tabu,2,outage,static,100,98,2,98,19.12244897959184,1874,6357,0.7848148148148149,882,0,0,0,0,0.6610529019999376,0,0,0.6610529019999376,0.0,1000,0,0,,large
sample-300-0,2022-01-01,aco,0,no_outage,reactive,300,286,14,286,17.576923076923077,5027,19062,0.8022727272727272,2741,0,0,0,0,3.700390322000203,0,0,3.700390322000203,0.0,1000,0,0,,large
sample-300-0,2022-01-01,aco,0,no_outage,static,300,286,14,286,17.576923076923077,5027,19062,0.8022727272727272,2741,0,0,0,0,3.700390322000203,0,0,3.700390322000203,0.0,1000,0,0,,large
sample-300-0,2022-01-01,aco,0,outage,reactive,300,286,14,286,21.083916083916083,6030,18811,0.7917087542087542,3102,206,0,3671,2,8.373177901999952,0,0,3.700390322000203,4.672787579999749,3000,0,0,,large
sample-300-0,2022-01-01,aco,0,outage,static,300,286,14,286,18.111888111888117,5180,19011,0.8001262626262626,2792,0,0,0,0,3.700390322000203,0,0,3.700390322000203,0.0,1000,0,0,,large
sample-300-0,2022-01-01,aco,1,no_outage,reactive,300,286,14,286,17.576923076923077,5027,19062,0.8022727272727272,2741,0,0,0,0,3.6478711050003767,0,0,3.6478711050003767,0.0,1000,0,0,,large
sample-300-0,2022-01-01,aco,1,no_outage,static,300,286,14,286,17.576923076923077,5027,19062,0.8022727272727272,2741,0,0,0,0,3.6478711050003767,0,0,3.6478711050003767,0.0,1000,0,0,,large
sample-300-0,2022-01-01,aco,1,outage,reactive,300,286,14,286,21.083916083916083,6030,18811,0.7917087542087542,3102,206,0,3671,2,8.286697808001009,0,0,3.6478711050003767,4.638826703000632,3000,0,0,,large
sample-300-0,2022-01-01,aco,1,outage,static,300,286,14,286,18.111888111888117,5180,19011,0.8001262626262626,2792,0,0,0,0,3.6478711050003767,0,0,3.6478711050003767,0.0,1000,0,0,,large
sample-300-0,2022-01-01,aco,2,no_outage,reactive,300,286,14,286,17.576923076923077,5027,19062,0.8022727272727272,2741,0,0,0,0,3.6202633969996896,0,0,3.6202633969996896,0.0,1000,0,0,,large
sample-300-0,2022-01-01,aco,2,no_outage,static,300,286,14,286,17.576923076923077,5027,19062,0.8022727272727272,2741,0,0,0,0,3.6202633969996896,0,0,3.6202633969996896,0.0,1000,0,0,,large
sample-300-0,2022-01-01,aco,2,outage,reactive,300,286,14,286,21.083916083916083,6030,18811,0.7917087542087542,3102,206,0,3671,2,8.197773378999955,0,0,3.6202633969996896,4.577509982000265,3000,0,0,,large
sample-300-0,2022-01-01,aco,2,outage,static,300,286,14,286,18.111888111888117,5180,19011,0.8001262626262626,2792,0,0,0,0,3.6202633969996896,0,0,3.6202633969996896,0.0,1000,0,0,,large
sample-300-0,2022-01-01,annealing,0,no_outage,reactive,300,288,12,288,20.416666666666668,5880,19198,0.807996632996633,2919,0,0,0,0,1.1066512870002043,0,0,1.1066512870002043,0.0,1000,0,0,,large
sample-300-0,2022-01-01,annealing,0,no_outage,static,300,288,12,288,20.416666666666668,5880,19198,0.807996632996633,2919,0,0,0,0,1.1066512870002043,0,0,1.1066512870002043,0.0,1000,0,0,,large
sample-300-0,2022-01-01,annealing,0,outage,reactive,300,285,15,285,33.98947368421052,9687,19043,0.801473063973064,2996,275,158,16548,2,3.012021421001009,0,0,1.1066512870002043,1.905370134000805,3000,0,0,,large
sample-300-0,2022-01-01,annealing,0,outage,static,300,288,12,288,21.069444444444443,6068,19153,0.8061026936026936,2964,0,0,0,0,1.1066512870002043,0,0,1.1066512870002043,0.0,1000,0,0,,large
sample-300-0,2022-01-01,annealing,1,no_outage,reactive,300,286,14,286,19.96153846153846,5709,19160,0.8063973063973064,2734,0,0,0,0,1.104923362999216,0,0,1.104923362999216,0.0,1000,0,0,,large
sample-300-0,2022-01-01,annealing,1,no_outage,static,300,286,14,286,19.96153846153846,5709,19160,0.8063973063973064,2734,0,0,0,0,1.104923362999216,0,0,1.104923362999216,0.0,1000,0,0,,large
sample-300-0,2022-01-01,annealing,1,outage,reactive,300,286,14,286,40.05594405594405,11456,19031,0.8009680134680135,2884,295,174,18633,2,2.9761319819990604,0,0,1.104923362999216,1.8712086189998445,3000,0,0,,large
sample-300-0,2022-01-01,annealing,1,outage,static,300,286,14,286,19.96153846153846,5709,19160,0.8063973063973064,2734,0,0,0,0,1.104923362999216,0,0,1.104923362999216,0.0,1000,0,0,,large
sample-300-0,2022-01-01,annealing,2,no_outage,reactive,300,289,11,289,20.17993079584775,5832,19216,0.8087542087542088,3095,0,0,0,0,1.144756683000196,0,0,1.144756683000196,0.0,1000,0,0,,large
sample-300-0,2022-01-01,annealing,2,no_outage,static,300,289,11,289,20.17993079584775,5832,19216,0.8087542087542088,3095,0,0,0,0,1.144756683000196,0,0,1.144756683000196,0.0,1000,0,0,,large
sample-300-0,2022-01-01,annealing,2,outage,reactive,300,286,14,286,38.32517482517483,10961,19077,0.8029040404040404,2995,327,280,26072,2,3.0798640030006936,0,0,1.144756683000196,1.9351073200004976,3000,0,0,,large
sample-300-0,2022-01-01,annealing,2,outage,static,300,288,12,288,21.27777777777778,6128,19171,0.8068602693602693,3027,0,0,0,0,1.144756683000196,0,0,1.144756683000196,0.0,1000,0,0,,large
sample-300-0,2022-01-01,baseline,0,no_outage,reactive,300,286,14,286,17.576923076923077,5027,19062,0.8022727272727272,2741,0,0,0,0,0.0085482470003626,0,0,0.0085482470003626,0.0,0,0,0,,large
sample-300-0,2022-01-01,baseline,0,no_outage,static,300,286,14,286,17.576923076923077,5027,19062,0.8022727272727272,2741,0,0,0,0,0.0085482470003626,0,0,0.0085482470003626,0.0,0,0,0,,large
sample-300-0,2022-01-01,baseline,0,outage,reactive,300,287,13,287,22.125435540069688,6350,18865,0.7939814814814815,2938,314,308,3365,2,0.0625423910005338,0,0,0.0085482470003626,0.0539941440001712,0,0,0,,large
sample-300-0,2022-01-01,baseline,0,outage,static,300,286,14,286,18.111888111888117,5180,19011,0.8001262626262626,2792,0,0,0,0,0.0085482470003626,0,0,0.0085482470003626,0.0,0,0,0,,large
sample-300-0,2022-01-01,baseline,1,no_outage,reactive,300,286,14,286,17.576923076923077,5027,19062,0.8022727272727272,2741,0,0,0,0,0.0088174649999928,0,0,0.0088174649999928,0.0,0,0,0,,large
sample-300-0,2022-01-01,baseline,1,no_outage,static,300,286,14,286,17.576923076923077,5027,19062,0.8022727272727272,2741,0,0,0,0,0.0088174649999928,0,0,0.0088174649999928,0.0,0,0,0,,large
sample-300-0,2022-01-01,baseline,1,outage,reactive,300,287,13,287,22.125435540069688,6350,18865,0.7939814814814815,2938,314,308,3365,2,0.0236449239991998,0,0,0.0088174649999928,0.014827458999207,0,0,0,,large
sample-300-0,2022-01-01,baseline,1,outage,static,300,286,14,286,18.111888111888117,5180,19011,0.8001262626262626,2792,0,0,0,0,0.0088174649999928,0,0,0.0088174649999928,0.0,0,0,0,,large
sample-300-0,2022-01-01,baseline,2,no_outage,reactive,300,286,14,286,17.576923076923077,5027,19062,0.8022727272727272,2741,0,0,0,0,0.0090104490000157,0,0,0.0090104490000157,0.0,0,0,0,,large
sample-300-0,2022-01-01,baseline,2,no_outage,static,300,286,14,286,17.576923076923077,5027,19062,0.8022727272727272,2741,0,0,0,0,0.0090104490000157,0,0,0.0090104490000157,0.0,0,0,0,,large
sample-300-0,2022-01-01,baseline,2,outage,reactive,300,287,13,287,22.125435540069688,6350,18865,0.7939814814814815,2938,314,308,3365,2,0.0662518480012295,0,0,0.0090104490000157,0.0572413990012137,0,0,0,,large
sample-300-0,2022-01-01,baseline,2,outage,static,300,286,14,286,18.111888111888117,5180,19011,0.8001262626262626,2792,0,0,0,0,0.0090104490000157,0,0,0.0090104490000157,0.0,0,0,0,,large
sample-300-0,2022-01-01,genetic,0,no_outage,reactive,300,286,14,286,17.576923076923077,5027,19062,0.8022727272727272,2741,0,0,0,0,1.1767284560000917,0,0,1.1767284560000917,0.0,1000,0,0,,large
sample-300-0,2022-01-01,genetic,0,no_outage,static,300,286,14,286,17.576923076923077,5027,19062,0.8022727272727272,2741,0,0,0,0,1.1767284560000917,0,0,1.1767284560000917,0.0,1000,0,0,,large
sample-300-0,2022-01-01,genetic,0,outage,reactive,300,286,14,286,21.083916083916083,6030,18811,0.7917087542087542,3102,206,0,3671,2,3.0666487210000923,0,0,1.1767284560000917,1.8899202650000009,3000,0,0,,large
sample-300-0,2022-01-01,genetic,0,outage,static,300,286,14,286,18.111888111888117,5180,19011,0.8001262626262626,2792,0,0,0,0,1.1767284560000917,0,0,1.1767284560000917,0.0,1000,0,0,,large
sample-300-0,2022-01-01,genetic,1,no_outage,reactive,300,286,14,286,17.576923076923077,5027,19062,0.8022727272727272,2741,0,0,0,0,1.0948536080004487,0,0,1.0948536080004487,0.0,1000,0,0,,large
sample-300-0,2022-01-01,genetic,1,no_outage,static,300,286,14,286,17.576923076923077,5027,19062,0.8022727272727272,2741,0,0,0,0,1.0948536080004487,0,0,1.0948536080004487,0.0,1000,0,0,,large
sample-300-0,2022-01-01,genetic,1,outage,reactive,300,286,14,286,21.083916083916083,6030,18811,0.7917087542087542,3102,206,0,3671,2,2.9710033999999723,0,0,1.0948536080004487,1.876149791999524,3000,0,0,,large
sample-300-0,2022-01-01,genetic,1,outage,static,300,286,14,286,18.111888111888117,5180,19011,0.8001262626262626,2792,0,0,0,0,1.0948536080004487,0,0,1.0948536080004487,0.0,1000,0,0,,large
sample-300-0,2022-01-01,genetic,2,no_outage,reactive,300,286,14,286,17.576923076923077,5027,19062,0.8022727272727272,2741,0,0,0,0,1.122771463999925,0,0,1.122771463999925,0.0,1000,0,0,,large
sample-300-0,2022-01-01,genetic,2,no_outage,static,300,286,14,286,17.576923076923077,5027,19062,0.8022727272727272,2741,0,0,0,0,1.122771463999925,0,0,1.122771463999925,0.0,1000,0,0,,large
sample-300-0,2022-01-01,genetic,2,outage,reactive,300,286,14,286,21.083916083916083,6030,18811,0.7917087542087542,3102,206,0,3671,2,3.065463012999317,0,0,1.122771463999925,1.942691548999392,3000,0,0,,large
sample-300-0,2022-01-01,genetic,2,outage,static,300,286,14,286,18.111888111888117,5180,19011,0.8001262626262626,2792,0,0,0,0,1.122771463999925,0,0,1.122771463999925,0.0,1000,0,0,,large
sample-300-0,2022-01-01,hybrid,0,no_outage,reactive,300,292,8,292,20.116438356164384,5874,19075,0.8028198653198653,3494,0,0,0,0,1.0832244110006286,0,0,1.0832244110006286,0.0,1000,0,0,,large
sample-300-0,2022-01-01,hybrid,0,no_outage,static,300,292,8,292,20.116438356164384,5874,19075,0.8028198653198653,3494,0,0,0,0,1.0832244110006286,0,0,1.0832244110006286,0.0,1000,0,0,,large
sample-300-0,2022-01-01,hybrid,0,outage,reactive,300,290,10,290,24.041379310344823,6972,19027,0.8007996632996633,3311,217,32,7108,2,3.004619248000381,0,0,1.0832244110006286,1.9213948369997524,3000,0,0,,large
sample-300-0,2022-01-01,hybrid,0,outage,static,300,292,8,292,20.732876712328768,6054,19015,0.8002946127946128,3554,0,0,0,0,1.0832244110006286,0,0,1.0832244110006286,0.0,1000,0,0,,large
sample-300-0,2022-01-01,hybrid,1,no_outage,reactive,300,286,14,286,17.905594405594407,5121,19155,0.8061868686868687,2610,0,0,0,0,1.0970962150004198,0,0,1.0970962150004198,0.0,1000,0,0,,large
sample-300-0,2022-01-01,hybrid,1,no_outage,static,300,286,14,286,17.905594405594407,5121,19155,0.8061868686868687,2610,0,0,0,0,1.0970962150004198,0,0,1.0970962150004198,0.0,1000,0,0,,large
sample-300-0,2022-01-01,hybrid,1,outage,reactive,300,283,17,283,24.992932862190813,7073,18870,0.7941919191919192,2680,227,46,8018,2,3.006587044999833,0,0,1.0970962150004198,1.909490829999413,3000,0,0,,large
sample-300-0,2022-01-01,hybrid,1,outage,static,300,286,14,286,19.506993006993007,5579,19050,0.8017676767676768,2720,0,0,0,0,1.0970962150004198,0,0,1.0970962150004198,0.0,1000,0,0,,large
sample-300-0,2022-01-01,hybrid,2,no_outage,reactive,300,288,12,288,18.10763888888889,5215,19173,0.8069444444444445,3019,0,0,0,0,1.1021990999997795,0,0,1.1021990999997795,0.0,1000,0,0,,large
sample-300-0,2022-01-01,hybrid,2,no_outage,static,300,288,12,288,18.10763888888889,5215,19173,0.8069444444444445,3019,0,0,0,0,1.1021990999997795,0,0,1.1021990999997795,0.0,1000,0,0,,large
sample-300-0,2022-01-01,hybrid,2,outage,reactive,300,286,14,286,24.265734265734267,6940,18890,0.79503367003367,2989,231,56,7408,2,3.0049434669999755,0,0,1.1021990999997795,1.902744367000196,3000,0,0,,large
sample-300-0,2022-01-01,hybrid,2,outage,static,300,288,12,288,18.90972222222222,5446,19096,0.8037037037037037,3096,0,0,0,0,1.1021990999997795,0,0,1.1021990999997795,0.0,1000,0,0,,large
sample-300-0,2022-01-01,tabu,0,no_outage,reactive,300,292,8,292,20.116438356164384,5874,19075,0.8028198653198653,3494,0,0,0,0,1.1252202830000897,0,0,1.1252202830000897,0.0,1000,0,0,,large
sample-300-0,2022-01-01,tabu,0,no_outage,static,300,292,8,292,20.116438356164384,5874,19075,0.8028198653198653,3494,0,0,0,0,1.1252202830000897,0,0,1.1252202830000897,0.0,1000,0,0,,large
sample-300-0,2022-01-01,tabu,0,outage,reactive,300,290,10,290,24.041379310344823,6972,19027,0.8007996632996633,3311,217,32,7108,2,3.023952071000167,0,0,1.1252202830000897,1.8987317880000771,3000,0,0,,large
sample-300-0,2022-01-01,tabu,0,outage,static,300,292,8,292,20.732876712328768,6054,19015,0.8002946127946128,3554,0,0,0,0,1.1252202830000897,0,0,1.1252202830000897,0.0,1000,0,0,,large
sample-300-0,2022-01-01,tabu,1,no_outage,reactive,300,286,14,286,17.905594405594407,5121,19155,0.8061868686868687,2610,0,0,0,0,1.103587616000368,0,0,1.103587616000368,0.0,1000,0,0,,large
sample-300-0,2022-01-01,tabu,1,no_outage,static,300,286,14,286,17.905594405594407,5121,19155,0.8061868686868687,2610,0,0,0,0,1.103587616000368,0,0,1.103587616000368,0.0,1000,0,0,,large
sample-300-0,2022-01-01,tabu,1,outage,reactive,300,283,17,283,24.992932862190813,7073,18870,0.7941919191919192,2680,227,46,8018,2,3.1312690550003026,0,0,1.103587616000368,2.0276814389999345,3000,0,0,,large
sample-300-0,2022-01-01,tabu,1,outage,static,300,286,14,286,19.506993006993007,5579,19050,0.8017676767676768,2720,0,0,0,0,1.103587616000368,0,0,1.103587616000368,0.0,1000,0,0,,large
sample-300-0,2022-01-01,tabu,2,no_outage,reactive,300,288,12,288,18.10763888888889,5215,19173,0.8069444444444445,3019,0,0,0,0,1.1222077049997097,0,0,1.1222077049997097,0.0,1000,0,0,,large
sample-300-0,2022-01-01,tabu,2,no_outage,static,300,288,12,288,18.10763888888889,5215,19173,0.8069444444444445,3019,0,0,0,0,1.1222077049997097,0,0,1.1222077049997097,0.0,1000,0,0,,large
sample-300-0,2022-01-01,tabu,2,outage,reactive,300,286,14,286,24.265734265734267,6940,18890,0.79503367003367,2989,231,56,7408,2,3.0958807280003384,0,0,1.1222077049997097,1.9736730230006287,3000,0,0,,large
sample-300-0,2022-01-01,tabu,2,outage,static,300,288,12,288,18.90972222222222,5446,19096,0.8037037037037037,3096,0,0,0,0,1.1222077049997097,0,0,1.1222077049997097,0.0,1000,0,0,,large
sample-300-1,2022-01-01,aco,0,no_outage,reactive,300,289,11,289,21.401384083044984,6185,19513,0.8030041152263374,2817,0,0,0,0,3.667716257000393,0,0,3.667716257000393,0.0,1000,0,0,,large
sample-300-1,2022-01-01,aco,0,no_outage,static,300,289,11,289,21.401384083044984,6185,19513,0.8030041152263374,2817,0,0,0,0,3.667716257000393,0,0,3.667716257000393,0.0,1000,0,0,,large
sample-300-1,2022-01-01,aco,0,outage,reactive,300,283,17,283,31.833922261484098,9009,19009,0.7822633744855967,2720,286,123,9937,2,8.433031130000018,0,0,3.667716257000393,4.765314872999625,3000,0,0,,large
sample-300-1,2022-01-01,aco,0,outage,static,300,289,11,289,23.02076124567474,6653,19446,0.8002469135802469,2884,0,0,0,0,3.667716257000393,0,0,3.667716257000393,0.0,1000,0,0,,large
sample-300-1,2022-01-01,aco,1,no_outage,reactive,300,289,11,289,21.401384083044984,6185,19513,0.8030041152263374,2817,0,0,0,0,3.842234937000285,0,0,3.842234937000285,0.0,1000,0,0,,large
sample-300-1,2022-01-01,aco,1,no_outage,static,300,289,11,289,21.401384083044984,6185,19513,0.8030041152263374,2817,0,0,0,0,3.842234937000285,0,0,3.842234937000285,0.0,1000,0,0,,large
sample-300-1,2022-01-01,aco,1,outage,reactive,300,285,15,285,30.0,8550,18919,0.778559670781893,3126,286,127,11050,2,8.607807367000532,0,0,3.842234937000285,4.765572430000248,3000,0,0,,large
sample-300-1,2022-01-01,aco,1,outage,static,300,289,11,289,23.02076124567474,6653,19446,0.8002469135802469,2884,0,0,0,0,3.842234937000285,0,0,3.842234937000285,0.0,1000,0,0,,large
sample-300-1,2022-01-01,aco,2,no_outage,reactive,300,289,11,289,21.401384083044984,6185,19513,0.8030041152263374,2817,0,0,0,0,3.761016631999155,0,0,3.761016631999155,0.0,1000,0,0,,large
sample-300-1,2022-01-01,aco,2,no_outage,static,300,289,11,289,21.401384083044984,6185,19513,0.8030041152263374,2817,0,0,0,0,3.761016631999155,0,0,3.761016631999155,0.0,1000,0,0,,large
sample-300-1,2022-01-01,aco,2,outage,reactive,300,285,15,285,30.49122807017544,8690,19104,0.7861728395061729,2851,286,124,10040,2,8.174980804998995,0,0,3.761016631999155,4.41396417299984,3000,0,0,,large
sample-300-1,2022-01-01,aco,2,outage,static,300,289,11,289,23.02076124567474,6653,19446,0.8002469135802469,2884,0,0,0,0,3.761016631999155,0,0,3.761016631999155,0.0,1000,0,0,,large
sample-300-1,2022-01-01,annealing,0,no_outage,reactive,300,288,12,288,21.59375,6219,19766,0.8134156378600823,2937,0,0,0,0,1.0534256479995747,0,0,1.0534256479995747,0.0,1000,0,0,,large
sample-300-1,2022-01-01,annealing,0,no_outage,static,300,288,12,288,21.59375,6219,19766,0.8134156378600823,2937,0,0,0,0,1.0534256479995747,0,0,1.0534256479995747,0.0,1000,0,0,,large
sample-300-1,2022-01-01,annealing,0,outage,reactive,300,287,13,287,41.31010452961672,11856,19340,0.7958847736625514,3085,329,312,29882,2,3.0116777260000163,0,0,1.0534256479995747,1.958252078000441,3000,0,0,,large
sample-300-1,2022-01-01,annealing,0,outage,static,300,287,13,287,22.23693379790941,6382,19702,0.8107818930041152,2911,0,0,0,0,1.0534256479995747,0,0,1.0534256479995747,0.0,1000,0,0,,large
sample-300-1,2022-01-01,annealing,1,no_outage,reactive,300,286,14,286,22.332167832167837,6387,19764,0.8133333333333334,2794,0,0,0,0,1.0919908350006151,0,0,1.0919908350006151,0.0,1000,0,0,,large
sample-300-1,2022-01-01,annealing,1,no_outage,static,300,286,14,286,22.332167832167837,6387,19764,0.8133333333333334,2794,0,0,0,0,1.0919908350006151,0,0,1.0919908350006151,0.0,1000,0,0,,large
sample-300-1,2022-01-01,annealing,1,outage,reactive,300,288,12,288,42.32986111111112,12191,19254,0.7923456790123456,3138,336,311,26278,2,3.0203966270009914,0,0,1.0919908350006151,1.928405792000376,3000,0,0,,large
sample-300-1,2022-01-01,annealing,1,outage,static,300,285,15,285,22.859649122807017,6515,19718,0.811440329218107,2689,0,0,0,0,1.0919908350006151,0,0,1.0919908350006151,0.0,1000,0,0,,large
sample-300-1,2022-01-01,annealing,2,no_outage,reactive,300,291,9,291,21.061855670103093,6129,19651,0.8086831275720164,3219,0,0,0,0,1.0875570999996853,0,0,1.0875570999996853,0.0,1000,0,0,,large
sample-300-1,2022-01-01,annealing,2,no_outage,static,300,291,9,291,21.061855670103093,6129,19651,0.8086831275720164,3219,0,0,0,0,1.0875570999996853,0,0,1.0875570999996853,0.0,1000,0,0,,large
sample-300-1,2022-01-01,annealing,2,outage,reactive,300,286,14,286,38.74475524475525,11081,19303,0.7943621399176954,3073,323,299,25797,2,3.038862571000209,0,0,1.0875570999996853,1.9513054710005235,3000,0,0,,large
sample-300-1,2022-01-01,annealing,2,outage,static,300,290,10,290,22.151724137931037,6424,19582,0.805843621399177,3213,0,0,0,0,1.0875570999996853,0,0,1.0875570999996853,0.0,1000,0,0,,large
sample-300-1,2022-01-01,baseline,0,no_outage,reactive,300,289,11,289,21.401384083044984,6185,19513,0.8030041152263374,2817,0,0,0,0,0.008703258999958,0,0,0.008703258999958,0.0,0,0,0,,large
sample-300-1,2022-01-01,baseline,0,no_outage,static,300,289,11,289,21.401384083044984,6185,19513,0.8030041152263374,2817,0,0,0,0,0.008703258999958,0,0,0.008703258999958,0.0,0,0,0,,large
sample-300-1,2022-01-01,baseline,0,outage,reactive,300,292,8,292,25.46917808219178,7437,19129,0.787201646090535,3701,329,314,4718,2,0.0247147649997714,0,0,0.008703258999958,0.0160115059998133,0,0,0,,large
sample-300-1,2022-01-01,baseline,0,outage,static,300,289,11,289,23.02076124567474,6653,19446,0.8002469135802469,2884,0,0,0,0,0.008703258999958,0,0,0.008703258999958,0.0,0,0,0,,large
sample-300-1,2022-01-01,baseline,1,no_outage,reactive,300,289,11,289,21.401384083044984,6185,19513,0.8030041152263374,2817,0,0,0,0,0.0094629020004504,0,0,0.0094629020004504,0.0,0,0,0,,large
sample-300-1,2022-01-01,baseline,1,no_outage,static,300,289,11,289,21.401384083044984,6185,19513,0.8030041152263374,2817,0,0,0,0,0.0094629020004504,0,0,0.0094629020004504,0.0,0,0,0,,large
sample-300-1,2022-01-01,baseline,1,outage,reactive,300,292,8,292,25.46917808219178,7437,19129,0.787201646090535,3701,329,314,4718,2,0.0654406900002868,0,0,0.0094629020004504,0.0559777879998364,0,0,0,,large
sample-300-1,2022-01-01,baseline,1,outage,static,300,289,11,289,23.02076124567474,6653,19446,0.8002469135802469,2884,0,0,0,0,0.0094629020004504,0,0,0.0094629020004504,0.0,0,0,0,,large
sample-300-1,2022-01-01,baseline,2,no_outage,reactive,300,289,11,289,21.401384083044984,6185,19513,0.8030041152263374,2817,0,0,0,0,0.0087221799994949,0,0,0.0087221799994949,0.0,0,0,0,,large
sample-300-1,2022-01-01,baseline,2,no_outage,static,300,289,11,289,21.401384083044984,6185,19513,0.8030041152263374,2817,0,0,0,0,0.0087221799994949,0,0,0.0087221799994949,0.0,0,0,0,,large
sample-300-1,2022-01-01,baseline,2,outage,reactive,300,292,8,292,25.46917808219178,7437,19129,0.787201646090535,3701,329,314,4718,2,0.0245043709992387,0,0,0.0087221799994949,0.0157821909997437,0,0,0,,large
sample-300-1,2022-01-01,baseline,2,outage,static,300,289,11,289,23.02076124567474,6653,19446,0.8002469135802469,2884,0,0,0,0,0.0087221799994949,0,0,0.0087221799994949,0.0,0,0,0,,large
sample-300-1,2022-01-01,genetic,0,no_outage,reactive,300,289,11,289,21.401384083044984,6185,19513,0.8030041152263374,2817,0,0,0,0,1.0922543939996103,0,0,1.0922543939996103,0.0,1000,0,0,,large
sample-300-1,2022-01-01,genetic,0,no_outage,static,300,289,11,289,21.401384083044984,6185,19513,0.8030041152263374,2817,0,0,0,0,1.0922543939996103,0,0,1.0922543939996103,0.0,1000,0,0,,large
sample-300-1,2022-01-01,genetic,0,outage,reactive,300,286,14,286,26.524475524475523,7586,19151,0.7881069958847736,2847,251,0,5275,2,3.0016496609996466,0,0,1.0922543939996103,1.9093952670000365,3000,0,0,,large
sample-300-1,2022-01-01,genetic,0,outage,static,300,289,11,289,23.02076124567474,6653,19446,0.8002469135802469,2884,0,0,0,0,1.0922543939996103,0,0,1.0922543939996103,0.0,1000,0,0,,large
sample-300-1,2022-01-01,genetic,1,no_outage,reactive,300,289,11,289,21.401384083044984,6185,19513,0.8030041152263374,2817,0,0,0,0,1.1408210190002137,0,0,1.1408210190002137,0.0,1000,0,0,,large
sample-300-1,2022-01-01,genetic,1,no_outage,static,300,289,11,289,21.401384083044984,6185,19513,0.8030041152263374,2817,0,0,0,0,1.1408210190002137,0,0,1.1408210190002137,0.0,1000,0,0,,large
sample-300-1,2022-01-01,genetic,1,outage,reactive,300,286,14,286,26.524475524475523,7586,19151,0.7881069958847736,2847,251,0,5275,2,3.086258751000969,0,0,1.1408210190002137,1.9454377320007552,3000,0,0,,large
sample-300-1,2022-01-01,genetic,1,outage,static,300,289,11,289,23.02076124567474,6653,19446,0.8002469135802469,2884,0,0,0,0,1.1408210190002137,0,0,1.1408210190002137,0.0,1000,0,0,,large
sample-300-1,2022-01-01,genetic,2,no_outage,reactive,300,289,11,289,21.401384083044984,6185,19513,0.8030041152263374,2817,0,0,0,0,1.1422687829999632,0,0,1.1422687829999632,0.0,1000,0,0,,large
sample-300-1,2022-01-01,genetic,2,no_outage,static,300,289,11,289,21.401384083044984,6185,19513,0.8030041152263374,2817,0,0,0,0,1.1422687829999632,0,0,1.1422687829999632,0.0,1000,0,0,,large
sample-300-1,2022-01-01,genetic,2,outage,reactive,300,286,14,286,26.524475524475523,7586,19151,0.7881069958847736,2847,251,0,5275,2,3.086762901999464,0,0,1.1422687829999632,1.9444941189995009,3000,0,0,,large
sample-300-1,2022-01-01,genetic,2,outage,static,300,289,11,289,23.02076124567474,6653,19446,0.8002469135802469,2884,0,0,0,0,1.1422687829999632,0,0,1.1422687829999632,0.0,1000,0,0,,large
sample-300-1,2022-01-01,hybrid,0,no_outage,reactive,300,289,11,289,22.21453287197232,6420,19767,0.8134567901234568,2734,0,0,0,0,1.099322538000706,0,0,1.099322538000706,0.0,1000,0,0,,large
sample-300-1,2022-01-01,hybrid,0,no_outage,static,300,289,11,289,22.21453287197232,6420,19767,0.8134567901234568,2734,0,0,0,0,1.099322538000706,0,0,1.099322538000706,0.0,1000,0,0,,large
sample-300-1,2022-01-01,hybrid,0,outage,reactive,300,288,12,288,33.947916666666664,9777,19279,0.7933744855967079,3297,263,101,14974,2,3.062917449000452,0,0,1.099322538000706,1.9635949109997453,3000,0,0,,large
sample-300-1,2022-01-01,hybrid,0,outage,static,300,289,11,289,23.913494809688583,6911,19691,0.8103292181069959,2810,0,0,0,0,1.099322538000706,0,0,1.099322538000706,0.0,1000,0,0,,large
sample-300-1,2022-01-01,hybrid,1,no_outage,reactive,300,291,9,291,21.15463917525773,6156,19643,0.8083539094650206,3075,0,0,0,0,1.078220037000392,0,0,1.078220037000392,0.0,1000,0,0,,large
sample-300-1,2022-01-01,hybrid,1,no_outage,static,300,291,9,291,21.15463917525773,6156,19643,0.8083539094650206,3075,0,0,0,0,1.078220037000392,0,0,1.078220037000392,0.0,1000,0,0,,large
sample-300-1,2022-01-01,hybrid,1,outage,reactive,300,288,12,288,29.78472222222222,8578,19247,0.7920576131687243,3213,219,55,10192,2,2.950694654000472,0,0,1.078220037000392,1.87247461700008,3000,0,0,,large
sample-300-1,2022-01-01,hybrid,1,outage,static,300,291,9,291,21.79381443298969,6342,19618,0.8073251028806584,3104,0,0,0,0,1.078220037000392,0,0,1.078220037000392,0.0,1000,0,0,,large
sample-300-1,2022-01-01,hybrid,2,no_outage,reactive,300,289,11,289,22.75432525951557,6576,19614,0.8071604938271605,2858,0,0,0,0,1.0767176610006572,0,0,1.0767176610006572,0.0,1000,0,0,,large
sample-300-1,2022-01-01,hybrid,2,no_outage,static,300,289,11,289,22.75432525951557,6576,19614,0.8071604938271605,2858,0,0,0,0,1.0767176610006572,0,0,1.0767176610006572,0.0,1000,0,0,,large
sample-300-1,2022-01-01,hybrid,2,outage,reactive,300,290,10,290,34.83793103448276,10103,19378,0.7974485596707819,3503,262,88,14427,2,2.949787384000956,0,0,1.0767176610006572,1.8730697230002988,3000,0,0,,large
sample-300-1,2022-01-01,hybrid,2,outage,static,300,288,12,288,24.43055555555556,7036,19508,0.802798353909465,2845,0,0,0,0,1.0767176610006572,0,0,1.0767176610006572,0.0,1000,0,0,,large
sample-300-1,2022-01-01,tabu,0,no_outage,reactive,300,289,11,289,22.21453287197232,6420,19767,0.8134567901234568,2734,0,0,0,0,1.0900009930001031,0,0,1.0900009930001031,0.0,1000,0,0,,large
sample-300-1,2022-01-01,tabu,0,no_outage,static,300,289,11,289,22.21453287197232,6420,19767,0.8134567901234568,2734,0,0,0,0,1.0900009930001031,0,0,1.0900009930001031,0.0,1000,0,0,,large
sample-300-1,2022-01-01,tabu,0,outage,reactive,300,288,12,288,33.947916666666664,9777,19279,0.7933744855967079,3297,263,101,14974,2,3.0066591040003914,0,0,1.0900009930001031,1.916658111000288,3000,0,0,,large
sample-300-1,2022-01-01,tabu,0,outage,static,300,289,11,289,23.913494809688583,6911,19691,0.8103292181069959,2810,0,0,0,0,1.0900009930001031,0,0,1.0900009930001031,0.0,1000,0,0,,large
sample-300-1,2022-01-01,tabu,1,no_outage,reactive,300,291,9,291,21.15463917525773,6156,19643,0.8083539094650206,3075,0,0,0,0,1.0912321080004403,0,0,1.0912321080004403,0.0,1000,0,0,,large
sample-300-1,2022-01-01,tabu,1,no_outage,static,300,291,9,291,21.15463917525773,6156,19643,0.8083539094650206,3075,0,0,0,0,1.0912321080004403,0,0,1.0912321080004403,0.0,1000,0,0,,large
sample-300-1,2022-01-01,tabu,1,outage,reactive,300,287,13,287,30.634146341463413,8792,19302,0.794320987654321,3063,218,86,12300,2,3.010208414000772,0,0,1.0912321080004403,1.9189763060003315,3000,0,0,,large
sample-300-1,2022-01-01,tabu,1,outage,static,300,291,9,291,21.79381443298969,6342,19618,0.8073251028806584,3104,0,0,0,0,1.0912321080004403,0,0,1.0912321080004403,0.0,1000,0,0,,large
sample-300-1,2022-01-01,tabu,2,no_outage,reactive,300,289,11,289,22.75432525951557,6576,19614,0.8071604938271605,2858,0,0,0,0,1.108661426999788,0,0,1.108661426999788,0.0,1000,0,0,,large
sample-300-1,2022-01-01,tabu,2,no_outage,static,300,289,11,289,22.75432525951557,6576,19614,0.8071604938271605,2858,0,0,0,0,1.108661426999788,0,0,1.108661426999788,0.0,1000,0,0,,large
sample-300-1,2022-01-01,tabu,2,outage,reactive,300,290,10,290,34.83793103448276,10103,19378,0.7974485596707819,3503,262,88,14427,2,3.0203245399998195,0,0,1.108661426999788,1.9116631130000317,3000,0,0,,large
sample-300-1,2022-01-01,tabu,2,outage,static,300,288,12,288,24.43055555555556,7036,19508,0.802798353909465,2845,0,0,0,0,1.108661426999788,0,0,1.108661426999788,0.0,1000,0,0,,large
